unified_id,month,latitude,longitude,street
AIR10052559,2022-12-01T00:00:00.000Z,34.23948,-116.87991,"Heavenly Valley Rd, Big Bear Lake, CA 92315, USA"
AIR10178668,2022-12-01T00:00:00.000Z,34.25095,-116.94139,"Point Rd, Big Bear Lake, CA 92315, USA"
AIR10211700,2022-12-01T00:00:00.000Z,34.24516,-116.87618,"Avalon Rd, Big Bear Lake, CA 92315, USA"
AIR10344705,2022-12-01T00:00:00.000Z,34.2675,-116.86089,"Bear Mountain Rd, Big Bear, CA 92314, USA"
AIR10424683,2022-12-01T00:00:00.000Z,34.25341,-116.88025,"Starvation Flats Rd, Big Bear Lake, CA 92315, USA"
AIR10471190,2022-12-01T00:00:00.000Z,34.23844,-116.82383,"Spruce Ln, Sugarloaf, CA 92386, USA"
AIR10551482,2022-12-01T00:00:00.000Z,34.2355,-116.8483,"Klamath Rd, Big Bear Lake, CA 92315, USA"
AIR11209785,2022-12-01T00:00:00.000Z,34.23943,-116.85551,"Minton Ave, Big Bear, CA 92314, USA"
AIR11458668,2022-12-01T00:00:00.000Z,34.24263,-116.92486,"Wanita Ln, Big Bear Lake, CA 92315, USA"
AIR11529774,2022-12-01T00:00:00.000Z,34.08019,-116.37654,"Carmelita Way, Yucca Valley, CA 92284, USA"
AIR11623857,2022-12-01T00:00:00.000Z,34.25264,-116.8808,"Starvation Flats Rd, Big Bear Lake, CA 92315, USA"
AIR11654882,2022-12-01T00:00:00.000Z,34.2422,-116.8618,"Villa Grove Ave, Big Bear, CA 92314, USA"
AIR11692683,2022-12-01T00:00:00.000Z,34.27166,-116.85132,"Mullins Dr, Big Bear, CA 92314, USA"
AIR11735648,2022-12-01T00:00:00.000Z,34.23979,-116.88697,"Evergreen Dr, Big Bear Lake, CA 92315, USA"
AIR11785147,2022-12-01T00:00:00.000Z,34.2521,-116.87999,"Starvation Flats Rd, Big Bear Lake, CA 92315, USA"
AIR11799363,2022-12-01T00:00:00.000Z,34.23996,-116.92826,"Big Bear Blvd, Big Bear Lake, CA 92315, USA"
AIR11921717,2022-12-01T00:00:00.000Z,34.24654,-116.89829,"Park Ave, Big Bear Lake, CA 92315, USA"
AIR119838,2022-12-01T00:00:00.000Z,34.12838,-116.31354,"Mountain View Cir, Joshua Tree, CA 92252, USA"
AIR12246386,2022-12-01T00:00:00.000Z,34.237736,-116.862297,"Silver Tip Dr, Big Bear Lake, CA 92315, USA"
AIR12325663,2022-12-01T00:00:00.000Z,34.11093,-116.3238,"Sandalwood Trail, Joshua Tree, CA 92252, USA"
AIR1243216,2022-12-01T00:00:00.000Z,34.121407,-116.328949,"Alta Loma Dr, Joshua Tree, CA 92252, USA"
AIR12466059,2022-12-01T00:00:00.000Z,34.22938,-116.84423,"Yosemite Dr, Big Bear Lake, CA 92315, USA"
AIR12495850,2022-12-01T00:00:00.000Z,34.24372,-116.9171,"Simonds Dr, Big Bear Lake, CA 92315, USA"
AIR12520281,2022-12-01T00:00:00.000Z,34.23125,-116.86125,"Deer Run Ct, Big Bear Lake, CA 92315, USA"
AIR12647814,2022-12-01T00:00:00.000Z,34.15362,-116.43614,"Gold Nugget Rd, Yucca Valley, CA 92284, USA"
AIR12651776,2022-12-01T00:00:00.000Z,34.26642,-116.86604,"Division Dr, Big Bear, CA 92314, USA"
AIR12826044,2022-12-01T00:00:00.000Z,34.25887,-116.84183,"E Aeroplane Blvd, Big Bear, CA 92314, USA"
AIR12833882,2022-12-01T00:00:00.000Z,34.22742,-116.85785,"Lassen Dr, Big Bear Lake, CA 92315, USA"
AIR12904929,2022-12-01T00:00:00.000Z,34.23966,-116.9024,"Jeffries Rd, Big Bear Lake, CA 92315, USA"
AIR12942776,2022-12-01T00:00:00.000Z,34.12841,-116.31947,"Palm Vista Dr, Joshua Tree, CA 92252, USA"
AIR13060219,2022-12-01T00:00:00.000Z,34.12236023,-116.2212906,"4QCH+WF Panorama Heights, CA, USA"
AIR13126924,2022-12-01T00:00:00.000Z,34.24508,-116.93356,"Castella Ln, Big Bear Lake, CA 92315, USA"
AIR13167327,2022-12-01T00:00:00.000Z,34.23817,-116.85878,"Menlo Dr, Big Bear Lake, CA 92315, USA"
AIR13274494,2022-12-01T00:00:00.000Z,34.14173,-116.18252,"Whitmore Rd, Joshua Tree, CA 92252, USA"
AIR13634652,2022-12-01T00:00:00.000Z,34.25165,-116.87831,"Starvation Flats Rd, Big Bear Lake, CA 92315, USA"
AIR13639669,2022-12-01T00:00:00.000Z,34.22792,-116.8568,"Siskiyou Dr, Big Bear Lake, CA 92315, USA"
AIR13686367,2022-12-01T00:00:00.000Z,34.26984,-116.85901,"Cedar Mountain Rd, Big Bear, CA 92314, USA"
AIR13687864,2022-12-01T00:00:00.000Z,34.23525,-116.84814,"Klamath Ct, Big Bear, CA 92314, USA"
AIR13696080,2022-12-01T00:00:00.000Z,34.25041,-116.94128,"Lake Dr, Big Bear Lake, CA 92315, USA"
AIR13716929,2022-12-01T00:00:00.000Z,34.24416,-116.92566,"Vista Ln, Big Bear Lake, CA 92315, USA"
AIR13724939,2022-12-01T00:00:00.000Z,34.2415,-116.90719,"Marin Rd, Big Bear Lake, CA 92315, USA"
AIR13746160,2022-12-01T00:00:00.000Z,34.24947,-116.90189,"Eagle Dr, Big Bear Lake, CA 92315, USA"
AIR13801200,2022-12-01T00:00:00.000Z,34.24626,-116.8953,"Park Ave, Big Bear Lake, CA 92315, USA"
AIR13829324,2022-12-01T00:00:00.000Z,34.24456,-116.89486,"Quail Dr, Big Bear Lake, CA 92315, USA"
AIR13996202,2022-12-01T00:00:00.000Z,34.24083,-116.94922,"Catbird Ln, Big Bear Lake, CA 92315, USA"
AIR14089677,2022-12-01T00:00:00.000Z,34.23653,-116.86166,"Tehama Dr, Big Bear Lake, CA 92315, USA"
AIR14124182,2022-12-01T00:00:00.000Z,34.23737,-116.88843,"Snow Summit, Big Bear Lake, CA 92315, USA"
AIR14124206,2022-12-01T00:00:00.000Z,34.23663,-116.86494,"Club View Dr, Big Bear Lake, CA 92315, USA"
AIR14124266,2022-12-01T00:00:00.000Z,34.24365,-116.85827,"Villa Grove Ave, Big Bear, CA 92314, USA"
AIR14124584,2022-12-01T00:00:00.000Z,34.25003,-116.8681,"Juniper Dr, Big Bear Lake, CA 92315, USA"
AIR1428379,2022-12-01T00:00:00.000Z,34.24092,-116.89069,"St Moritz Dr, Big Bear Lake, CA 92315, USA"
AIR14335230,2022-12-01T00:00:00.000Z,34.23439,-116.8472,"La Crescenta Dr, Big Bear, CA 92314, USA"
AIR14342504,2022-12-01T00:00:00.000Z,34.2472,-116.83108,"Vista Ave, Sugarloaf, CA 92386, USA"
AIR14467679,2022-12-01T00:00:00.000Z,34.22893,-116.84976,"Ridgecrest Dr, Big Bear Lake, CA 92315, USA"
AIR14469396,2022-12-01T00:00:00.000Z,34.25856,-116.84709,"W Rainbow Blvd, Big Bear, CA 92314, USA"
AIR14480012,2022-12-01T00:00:00.000Z,34.24477,-116.89234,"Park Ave, Big Bear Lake, CA 92315, USA"
AIR14480136,2022-12-01T00:00:00.000Z,34.22993,-116.84758,"Sand Canyon Ct, Big Bear Lake, CA 92315, USA"
AIR14480143,2022-12-01T00:00:00.000Z,34.23057,-116.83889,"Angels Camp Rd, Big Bear, CA 92314, USA"
AIR14521351,2022-12-01T00:00:00.000Z,34.09755,-116.30666,"VÃ­a Rocosa, Joshua Tree, CA 92252, USA"
AIR14529233,2022-12-01T00:00:00.000Z,34.2428,-116.92337,"Bonita Ln, Big Bear Lake, CA 92315, USA"
AIR14759123,2022-12-01T00:00:00.000Z,34.27016,-116.85849,"Cedar Mountain Rd, Big Bear, CA 92314, USA"
AIR14771743,2022-12-01T00:00:00.000Z,34.22923,-116.85945,"Goldmine Dr, Big Bear, CA 92314, USA"
AIR14786504,2022-12-01T00:00:00.000Z,34.23772,-116.89224,"Switzerland Dr, Big Bear Lake, CA 92315, USA"
AIR1484195,2022-12-01T00:00:00.000Z,34.23704,-116.86718,"Cedar Ave, Big Bear Lake, CA 92315, USA"
AIR14948466,2022-12-01T00:00:00.000Z,34.24391,-116.88486,"Big Bear Blvd, Big Bear Lake, CA 92315, USA"
AIR14961212,2022-12-01T00:00:00.000Z,34.23797,-116.84575,"Klamath Rd, Big Bear Lake, CA 92315, USA"
AIR14983336,2022-12-01T00:00:00.000Z,34.12908,-116.31856,"Valley View Dr, Joshua Tree, CA 92252, USA"
AIR14992690,2022-12-01T00:00:00.000Z,34.24419,-116.92925,"Boyd Trail, Big Bear Lake, CA 92315, USA"
AIR14994173,2022-12-01T00:00:00.000Z,34.24442,-116.93283,"Edgemoor Rd, Big Bear Lake, CA 92315, USA"
AIR15056526,2022-12-01T00:00:00.000Z,34.23893,-116.89144,"St Moritz Dr, Big Bear Lake, CA 92315, USA"
AIR15073367,2022-12-01T00:00:00.000Z,34.12604,-116.32487,"Outpost Rd, Joshua Tree, CA 92252, USA"
AIR15085009,2022-12-01T00:00:00.000Z,34.24589,-116.94465,"Waterview Dr, Fawnskin, CA 92333, USA"
AIR15165066,2022-12-01T00:00:00.000Z,34.2368,-116.86184,"Tehama Dr, Big Bear Lake, CA 92315, USA"
AIR15225059,2022-12-01T00:00:00.000Z,34.11622,-116.35228,"Pueblo Trail, Joshua Tree, CA 92252, USA"
AIR1526344,2022-12-01T00:00:00.000Z,34.09347,-116.42317,"Sage Ct, Yucca Valley, CA 92284, USA"
AIR1534914,2022-12-01T00:00:00.000Z,34.23961,-116.90659,"Marin Rd, Big Bear Lake, CA 92315, USA"
AIR15436072,2022-12-01T00:00:00.000Z,34.23452,-116.84998,"Wolf Rd, Big Bear Lake, CA 92315, USA"
AIR15453260,2022-12-01T00:00:00.000Z,34.24114,-116.90688,"Marin Rd, Big Bear Lake, CA 92315, USA"
AIR15484066,2022-12-01T00:00:00.000Z,34.1846,-116.39616,"Balsa Ave, Yucca Valley, CA 92284, USA"
AIR15498520,2022-12-01T00:00:00.000Z,34.25341,-116.88133,"Starvation Flats Rd, Big Bear Lake, CA 92315, USA"
AIR15512762,2022-12-01T00:00:00.000Z,34.24049,-116.92624,"Guinan Ln, Big Bear Lake, CA 92315, USA"
AIR15564286,2022-12-01T00:00:00.000Z,34.23933,-116.94673,"Willow Landing Rd, Fawnskin, CA 92333, USA"
AIR15598354,2022-12-01T00:00:00.000Z,34.237957,-116.886131,"Crestwood Dr, Big Bear Lake, CA 92315, USA"
AIR15616221,2022-12-01T00:00:00.000Z,34.12539,-116.3165,"Crest Cir Dr, Joshua Tree, CA 92252, USA"
AIR15630911,2022-12-01T00:00:00.000Z,34.24001,-116.8874,"Tamarack Dr, Big Bear Lake, CA 92315, USA"
AIR15634146,2022-12-01T00:00:00.000Z,34.2377,-116.88712,"Tomahawk Dr, Big Bear Lake, CA 92315, USA"
AIR15707836,2022-12-01T00:00:00.000Z,34.23617,-116.87004,"Willow Ave, Big Bear Lake, CA 92315, USA"
AIR15735291,2022-12-01T00:00:00.000Z,34.16053,-116.30614,"Sunburst St, Joshua Tree, CA 92252, USA"
AIR15754153,2022-12-01T00:00:00.000Z,34.24028,-116.95008,"Willow Landing Rd, Big Bear Lake, CA 92315, USA"
AIR15758715,2022-12-01T00:00:00.000Z,34.23729,-116.85903,"Menlo Dr, Big Bear Lake, CA 92315, USA"
AIR15905180,2022-12-01T00:00:00.000Z,34.25371,-116.8732,"Pegasus Way, Big Bear Lake, CA 92315, USA"
AIR15938411,2022-12-01T00:00:00.000Z,34.23572,-116.8523,"Wolf Rd, Big Bear Lake, CA 92315, USA"
AIR15964091,2022-12-01T00:00:00.000Z,34.1294,-116.42907,"Sunnyslope Dr, Yucca Valley, CA 92284, USA"
AIR15970296,2022-12-01T00:00:00.000Z,34.26601,-116.83992,"E Meadow Ln, Big Bear, CA 92314, USA"
AIR16015622,2022-12-01T00:00:00.000Z,34.23774,-116.86115,"Plymouth Rd, Big Bear Lake, CA 92315, USA"
AIR16016794,2022-12-01T00:00:00.000Z,34.2271,-116.86336,"Club View Dr, Big Bear Lake, CA 92315, USA"
AIR16037507,2022-12-01T00:00:00.000Z,34.2435,-116.9442,"Cienega Rd, Fawnskin, CA 92333, USA"
AIR16039149,2022-12-01T00:00:00.000Z,34.24751,-116.89326,"Tanager Dr, Big Bear Lake, CA 92315, USA"
AIR16050122,2022-12-01T00:00:00.000Z,34.23573,-116.84557,"Alameda Rd, Big Bear, CA 92314, USA"
AIR16070480,2022-12-01T00:00:00.000Z,34.23006,-116.85779,"Siskiyou Dr, Big Bear Lake, CA 92315, USA"
AIR16083055,2022-12-01T00:00:00.000Z,34.24049,-116.86402,"Monterey St, Big Bear Lake, CA 92315, USA"
AIR16088349,2022-12-01T00:00:00.000Z,34.22833,-116.8617,"Club View Dr, Big Bear Lake, CA 92315, USA"
AIR16174471,2022-12-01T00:00:00.000Z,34.24058,-116.88416,"Winterpark Dr, Big Bear Lake, CA 92315, USA"
AIR16221165,2022-12-01T00:00:00.000Z,34.23108,-116.84627,"Canyon Crest Dr, Big Bear, CA 92314, USA"
AIR16231405,2022-12-01T00:00:00.000Z,34.25266,-116.86658,"Division Dr, Big Bear, CA 92314, USA"
AIR162404,2022-12-01T00:00:00.000Z,34.27033,-116.86165,"Crystal Mountain Rd, Big Bear, CA 92314, USA"
AIR16245792,2022-12-01T00:00:00.000Z,34.24912,-116.93689,"Elgin Rd, Big Bear Lake, CA 92315, USA"
AIR16259330,2022-12-01T00:00:00.000Z,34.24243,-116.89528,"Brownie Ln, Big Bear Lake, CA 92315, USA"
AIR16288265,2022-12-01T00:00:00.000Z,34.18483,-116.41717,"Condalia Ave, Yucca Valley, CA 92284, USA"
AIR16304086,2022-12-01T00:00:00.000Z,34.23647,-116.80754,"Wildhorse Ln, Big Bear, CA 92314, USA"
AIR16312572,2022-12-01T00:00:00.000Z,34.25739,-116.86471,"Mountain Ln, Big Bear, CA 92314, USA"
AIR16323226,2022-12-01T00:00:00.000Z,34.22866,-116.84315,"Yosemite Dr, Big Bear Lake, CA 92315, USA"
AIR16334878,2022-12-01T00:00:00.000Z,34.25006,-116.86766,"Juniper Dr, Big Bear, CA 92314, USA"
AIR16367671,2022-12-01T00:00:00.000Z,34.26311,-116.82711,"E Fairway Blvd, Big Bear, CA 92314, USA"
AIR16428200,2022-12-01T00:00:00.000Z,34.24338,-116.86064,"Villa Grove Ave, Big Bear, CA 92314, USA"
AIR16440183,2022-12-01T00:00:00.000Z,34.25853,-116.85766,"Winding Ln, Big Bear, CA 92314, USA"
AIR16441497,2022-12-01T00:00:00.000Z,34.24566,-116.90314,"Lahontan Dr, Big Bear Lake, CA 92315, USA"
AIR16489418,2022-12-01T00:00:00.000Z,34.23084,-116.85863,"Siskiyou Dr, Big Bear Lake, CA 92315, USA"
AIR16498571,2022-12-01T00:00:00.000Z,34.22893,-116.84176,"Yosemite Dr, Big Bear, CA 92314, USA"
AIR16498790,2022-12-01T00:00:00.000Z,34.236,-116.85902,"Sunset Dr, Big Bear Lake, CA 92315, USA"
AIR16498877,2022-12-01T00:00:00.000Z,34.2417,-116.88759,"Ponderosa Dr, Big Bear Lake, CA 92315, USA"
AIR16571256,2022-12-01T00:00:00.000Z,34.23659,-116.85792,"Menlo Dr, Big Bear Lake, CA 92315, USA"
AIR16572459,2022-12-01T00:00:00.000Z,34.25589,-116.8633,"Bedford Ct, Big Bear, CA 92314, USA"
AIR16607032,2022-12-01T00:00:00.000Z,34.26816,-116.85146,"W North Shore Dr, Big Bear, CA 92314, USA"
AIR16635168,2022-12-01T00:00:00.000Z,34.26537,-116.86433,"W North Shore Dr, Big Bear, CA 92314, USA"
AIR16649967,2022-12-01T00:00:00.000Z,34.2387,-116.90242,"Jeffries Rd, Big Bear Lake, CA 92315, USA"
AIR16666349,2022-12-01T00:00:00.000Z,34.23765,-116.88941,"Golden W Dr, Belgrade, MT 59714, USA"
AIR16780142,2022-12-01T00:00:00.000Z,34.09581,-116.2879,"Single Tree Rd, Joshua Tree, CA 92252, USA"
AIR16789712,2022-12-01T00:00:00.000Z,34.23067,-116.84546,"Yosemite Dr, Big Bear Lake, CA 92315, USA"
AIR16841066,2022-12-01T00:00:00.000Z,34.24015,-116.88935,"Golden W Dr, Big Bear Lake, CA 92315, USA"
AIR16856200,2022-12-01T00:00:00.000Z,34.2407,-116.88908,"Golden W Dr, Big Bear Lake, CA 92315, USA"
AIR16872807,2022-12-01T00:00:00.000Z,34.25133,-116.87433,"Gold Rush Dr, Big Bear Lake, CA 92315, USA"
AIR16917201,2022-12-01T00:00:00.000Z,34.24054,-116.87396,"Moonridge Rd, Big Bear Lake, CA 92315, USA"
AIR16943701,2022-12-01T00:00:00.000Z,34.24644,-116.8754,"Santa Clara Blvd, Big Bear Lake, CA 92315, USA"
AIR17030857,2022-12-01T00:00:00.000Z,34.23997,-116.88847,"Summit Blvd, Big Bear Lake, CA 92315, USA"
AIR17096154,2022-12-01T00:00:00.000Z,34.14736,-116.40437,"Bandera Rd, Yucca Valley, CA 92284, USA"
AIR17110227,2022-12-01T00:00:00.000Z,34.25931,-116.83667,"Bernhardt Ln, Big Bear, CA 92314, USA"
AIR17212296,2022-12-01T00:00:00.000Z,34.13917,-116.33239,"Juniper Rd, Joshua Tree, CA 92252, USA"
AIR1722392,2022-12-01T00:00:00.000Z,34.237926,-116.892067,"Thrush Dr, Big Bear Lake, CA 92315, USA"
AIR17333334,2022-12-01T00:00:00.000Z,34.22792,-116.85021,"Bow Canyon Rd, Big Bear Lake, CA 92315, USA"
AIR17349530,2022-12-01T00:00:00.000Z,34.23258,-116.8486,"Colusa Dr, Big Bear Lake, CA 92315, USA"
AIR17364180,2022-12-01T00:00:00.000Z,34.16515,-116.24286,"E Broadway, Joshua Tree, CA 92252, USA"
AIR17369087,2022-12-01T00:00:00.000Z,34.23678,-116.85518,"Sheephorn Rd, Big Bear Lake, CA 92315, USA"
AIR17384871,2022-12-01T00:00:00.000Z,34.22824,-116.84982,"San Pasqual Dr, Big Bear Lake, CA 92315, USA"
AIR17408320,2022-12-01T00:00:00.000Z,34.26053,-116.85826,"W Big Bear Blvd, Big Bear, CA 92314, USA"
AIR17545294,2022-12-01T00:00:00.000Z,34.23574,-116.84941,"Klamath Ct, Big Bear, CA 92314, USA"
AIR17607459,2022-12-01T00:00:00.000Z,34.22479,-116.84839,"Ridgecrest Dr, Big Bear Lake, CA 92315, USA"
AIR17607576,2022-12-01T00:00:00.000Z,34.23901,-116.95915,"Cove Dr, Big Bear Lake, CA 92315, USA"
AIR17607578,2022-12-01T00:00:00.000Z,34.23653,-116.94631,"Brier Trail, Big Bear Lake, CA 92315, USA"
AIR17607579,2022-12-01T00:00:00.000Z,34.24311,-116.8578,"Villa Grove Ave, Big Bear, CA 92314, USA"
AIR17607586,2022-12-01T00:00:00.000Z,34.23953,-116.8982,"Eureka Dr, Big Bear Lake, CA 92315, USA"
AIR17607599,2022-12-01T00:00:00.000Z,34.23555,-116.90362,"Terrapin Rd, Big Bear Lake, CA 92315, USA"
AIR17607600,2022-12-01T00:00:00.000Z,34.2558,-116.87515,"Fallen Leaf Rd, Big Bear Lake, CA 92315, USA"
AIR17607609,2022-12-01T00:00:00.000Z,34.22756,-116.8635,"Pigeon Rd, Big Bear Lake, CA 92315, USA"
AIR17607620,2022-12-01T00:00:00.000Z,34.2453,-116.91475,"Simonds Dr, Big Bear Lake, CA 92315, USA"
AIR17619224,2022-12-01T00:00:00.000Z,34.11712,-116.48589,"Pinon Dr, Yucca Valley, CA 92284, USA"
AIR17638604,2022-12-01T00:00:00.000Z,34.26723,-116.85901,"Feather Mountain Dr, Big Bear, CA 92314, USA"
AIR17655595,2022-12-01T00:00:00.000Z,34.12129,-116.39656,"Balsa Ave, Yucca Valley, CA 92284, USA"
AIR1782712,2022-12-01T00:00:00.000Z,34.12368,-116.39474,"Emerson Ave, Yucca Valley, CA 92284, USA"
AIR17830005,2022-12-01T00:00:00.000Z,34.24474,-116.87627,"Avalon Rd, Big Bear Lake, CA 92315, USA"
AIR17909602,2022-12-01T00:00:00.000Z,34.24699,-116.89731,"Oriole Dr, Big Bear Lake, CA 92315, USA"
AIR17924654,2022-12-01T00:00:00.000Z,34.23985,-116.86063,"Menlo Dr, Big Bear Lake, CA 92315, USA"
AIR18003964,2022-12-01T00:00:00.000Z,34.25069,-116.90088,"Finch Dr, Big Bear Lake, CA 92315, USA"
AIR18105126,2022-12-01T00:00:00.000Z,34.12578,-116.34337,"Sherwood Rd, Joshua Tree, CA 92252, USA"
AIR18121333,2022-12-01T00:00:00.000Z,34.24122,-116.94367,"Cienega Rd, Big Bear Lake, CA 92315, USA"
AIR18193860,2022-12-01T00:00:00.000Z,34.24427,-116.87622,"Tyrol Ln, Big Bear Lake, CA 92315, USA"
AIR18232399,2022-12-01T00:00:00.000Z,34.25537,-116.86533,"Ashwood Dr, Big Bear, CA 92314, USA"
AIR18235116,2022-12-01T00:00:00.000Z,34.23474,-116.85354,"Sheephorn Rd, Big Bear Lake, CA 92315, USA"
AIR18313664,2022-12-01T00:00:00.000Z,34.23229,-116.85876,"Deer Canyon Rd, Big Bear Lake, CA 92315, USA"
AIR18343563,2022-12-01T00:00:00.000Z,34.23966,-116.86695,"Sonoma Dr, Big Bear Lake, CA 92315, USA"
AIR18347608,2022-12-01T00:00:00.000Z,34.23567,-116.85067,"Klamath Rd, Big Bear, CA 92314, USA"
AIR184262,2022-12-01T00:00:00.000Z,34.1133,-116.28571,"4P77+8P Joshua Tree, CA, USA"
AIR18448029,2022-12-01T00:00:00.000Z,34.23587,-116.85723,"Sheephorn Rd, Big Bear Lake, CA 92315, USA"
AIR18462952,2022-12-01T00:00:00.000Z,34.24244,-116.87596,"Catalina Rd, Big Bear Lake, CA 92315, USA"
AIR18543482,2022-12-01T00:00:00.000Z,34.27061,-116.8433,"Gold Mountain Dr, Big Bear, CA 92314, USA"
AIR18567243,2022-12-01T00:00:00.000Z,34.26101,-116.836,"Bernhardt Ln, Big Bear, CA 92314, USA"
AIR18567371,2022-12-01T00:00:00.000Z,34.24028,-116.86409,"Encino Rd, Big Bear Lake, CA 92315, USA"
AIR18567474,2022-12-01T00:00:00.000Z,34.23743,-116.87161,"La Cerena Ave, Big Bear Lake, CA 92315, USA"
AIR18567553,2022-12-01T00:00:00.000Z,34.24879,-116.89787,"Oriole Dr, Big Bear Lake, CA 92315, USA"
AIR18567624,2022-12-01T00:00:00.000Z,34.23997,-116.92725,"Big Bear Blvd, Big Bear Lake, CA 92315, USA"
AIR18567675,2022-12-01T00:00:00.000Z,34.23951,-116.85442,"Villa Grove Ave, Big Bear, CA 92314, USA"
AIR18651707,2022-12-01T00:00:00.000Z,34.22759,-116.85574,"Primrose Dr, Big Bear Lake, CA 92315, USA"
AIR18703258,2022-12-01T00:00:00.000Z,34.24073,-116.89083,"St Moritz Dr, Big Bear Lake, CA 92315, USA"
AIR18722813,2022-12-01T00:00:00.000Z,34.11828,-116.33661,"Latham Trail, Joshua Tree, CA 92252, USA"
AIR18874839,2022-12-01T00:00:00.000Z,34.24332,-116.86237,"Alpine Way, Big Bear, CA 92314, USA"
AIR18895308,2022-12-01T00:00:00.000Z,34.24478,-116.92505,"Temple Ln, Big Bear Lake, CA 92315, USA"
AIR18917105,2022-12-01T00:00:00.000Z,34.23689,-116.86056,"Ravine Rd, Big Bear, CA 92314, USA"
AIR18917106,2022-12-01T00:00:00.000Z,34.25814,-116.84999,"Hilltop Ln, Big Bear, CA 92314, USA"
AIR18998787,2022-12-01T00:00:00.000Z,34.2633,-116.8422,"E Barker Blvd, Big Bear, CA 92314, USA"
AIR19019245,2022-12-01T00:00:00.000Z,34.13244,-116.32174,"Desert Air Rd, Joshua Tree, CA 92252, USA"
AIR19033667,2022-12-01T00:00:00.000Z,34.23559,-116.86542,"Club View Dr, Big Bear Lake, CA 92315, USA"
AIR19033707,2022-12-01T00:00:00.000Z,34.24986649,-116.9007111,"Finch Dr, Big Bear Lake, CA 92315, USA"
AIR19035499,2022-12-01T00:00:00.000Z,34.23827,-116.92564,"Highland Rd, Big Bear Lake, CA 92315, USA"
AIR19081482,2022-12-01T00:00:00.000Z,34.24091,-116.89006,"St Moritz Dr, Big Bear Lake, CA 92315, USA"
AIR19244512,2022-12-01T00:00:00.000Z,34.27098,-116.85897,"Eagle Mountain Dr, Big Bear, CA 92314, USA"
AIR19317721,2022-12-01T00:00:00.000Z,34.23583,-116.90066,"Georgia St, Big Bear Lake, CA 92315, USA"
AIR19332170,2022-12-01T00:00:00.000Z,34.13728,-116.35134,"Olympic Rd, Joshua Tree, CA 92252, USA"
AIR19360866,2022-12-01T00:00:00.000Z,34.23677,-116.88618,"Switzerland Dr, Big Bear Lake, CA 92315, USA"
AIR19383702,2022-12-01T00:00:00.000Z,34.25536,-116.87342,"Starlight Cir, Big Bear Lake, CA 92315, USA"
AIR19386566,2022-12-01T00:00:00.000Z,34.16756439,-116.3302155,"El Coyote Ln, Joshua Tree, CA 92252, USA"
AIR19403293,2022-12-01T00:00:00.000Z,34.25758,-116.81571,"Malabar Way, Big Bear, CA 92314, USA"
AIR19406789,2022-12-01T00:00:00.000Z,34.10349,-116.41843,"4H3J+9J Yucca Valley, CA, USA"
AIR19506963,2022-12-01T00:00:00.000Z,34.23873,-116.89913,"Conklin Rd, Big Bear Lake, CA 92315, USA"
AIR1970683,2022-12-01T00:00:00.000Z,34.23922,-116.94652,"Willow Landing Rd, Big Bear Lake, CA 92315, USA"
AIR19722838,2022-12-01T00:00:00.000Z,34.10642,-116.45429,"Inca Trail, Yucca Valley, CA 92284, USA"
AIR19749104,2022-12-01T00:00:00.000Z,34.2459,-116.87623,"Scandia Rd, Big Bear Lake, CA 92315, USA"
AIR19810986,2022-12-01T00:00:00.000Z,34.248,-116.89939,"Finch Dr, Big Bear Lake, CA 92315, USA"
AIR20074610,2022-12-01T00:00:00.000Z,34.24736,-116.80321,"West Ln, Big Bear, CA 92314, USA"
AIR20120805,2022-12-01T00:00:00.000Z,34.18451,-116.37916,"Indio Ave, Yucca Valley, CA 92284, USA"
AIR20184724,2022-12-01T00:00:00.000Z,34.250198,-116.872108,"Juniper Dr, Big Bear Lake, CA 92315, USA"
AIR20184725,2022-12-01T00:00:00.000Z,34.2423,-116.89654,"Wren Dr, Big Bear Lake, CA 92315, USA"
AIR20184735,2022-12-01T00:00:00.000Z,34.24542,-116.94388,"Aurora Rd, Big Bear Lake, CA 92315, USA"
AIR20184741,2022-12-01T00:00:00.000Z,34.243141,-116.943047,"Cienega Rd, Big Bear Lake, CA 92315, USA"
AIR20184746,2022-12-01T00:00:00.000Z,34.240467,-116.959465,"Cove Dr, Fawnskin, CA 92333, USA"
AIR20184750,2022-12-01T00:00:00.000Z,34.257992,-116.851227,"Sugarloaf Blvd, Big Bear, CA 92314, USA"
AIR20184754,2022-12-01T00:00:00.000Z,34.231216,-116.845612,"Canyon Crest Dr, Big Bear Lake, CA 92315, USA"
AIR20184760,2022-12-01T00:00:00.000Z,34.243519,-116.924408,"Wanita Ln, Big Bear Lake, CA 92315, USA"
AIR20189213,2022-12-01T00:00:00.000Z,34.203,-116.42459,"Sage Ave, Yucca Valley, CA 92284, USA"
AIR20193224,2022-12-01T00:00:00.000Z,34.2449,-116.90451,"Lahontan Dr, Big Bear Lake, CA 92315, USA"
AIR20211077,2022-12-01T00:00:00.000Z,34.24339676,-116.9233856,"Bonita Ln, Big Bear Lake, CA 92315, USA"
AIR20217277,2022-12-01T00:00:00.000Z,34.23436,-116.85682,"Sand Canyon Rd, Big Bear Lake, CA 92315, USA"
AIR20232436,2022-12-01T00:00:00.000Z,34.245552,-116.898773,"Lahontan Dr, Big Bear Lake, CA 92315, USA"
AIR20232441,2022-12-01T00:00:00.000Z,34.262001,-116.813004,"756P+RQ Big Bear, CA, USA"
AIR20309826,2022-12-01T00:00:00.000Z,34.23329,-116.85152,"Colusa Dr, Big Bear Lake, CA 92315, USA"
AIR20393622,2022-12-01T00:00:00.000Z,34.24435,-116.86485,"Vine Ave, Big Bear, CA 92314, USA"
AIR20420503,2022-12-01T00:00:00.000Z,34.2412,-116.86121,"Menlo Dr, Big Bear, CA 92314, USA"
AIR20428024,2022-12-01T00:00:00.000Z,34.23812,-116.92766,"Edgemoor Rd, Big Bear Lake, CA 92315, USA"
AIR20447177,2022-12-01T00:00:00.000Z,34.12868,-116.30823,"Easterly Pl, Joshua Tree, CA 92252, USA"
AIR20450589,2022-12-01T00:00:00.000Z,34.2294,-116.84351,"Yosemite Dr, Big Bear Lake, CA 92315, USA"
AIR20456529,2022-12-01T00:00:00.000Z,34.24156,-116.89025,"St Moritz Dr, Big Bear Lake, CA 92315, USA"
AIR20608995,2022-12-01T00:00:00.000Z,34.27115,-116.85759,"Whispering Forest Dr, Big Bear, CA 92314, USA"
AIR20616515,2022-12-01T00:00:00.000Z,34.24093,-116.88948,"Golden W Dr, Big Bear Lake, CA 92315, USA"
AIR20623968,2022-12-01T00:00:00.000Z,34.24723,-116.89995,"Eagle Dr, Big Bear Lake, CA 92315, USA"
AIR20625865,2022-12-01T00:00:00.000Z,34.23626,-116.831,"Vista Ave, Sugarloaf, CA 92386, USA"
AIR20695812,2022-12-01T00:00:00.000Z,34.25316,-116.90376,"Finch Dr, Big Bear Lake, CA 92315, USA"
AIR20696692,2022-12-01T00:00:00.000Z,34.23619,-116.86198,"Tehama Dr, Big Bear Lake, CA 92315, USA"
AIR20829623,2022-12-01T00:00:00.000Z,34.2488,-116.8658,"McAlister Rd, Big Bear, CA 92314, USA"
AIR20836494,2022-12-01T00:00:00.000Z,34.24116,-116.93634,"Daisy Ln, Big Bear Lake, CA 92315, USA"
AIR20844432,2022-12-01T00:00:00.000Z,34.24441,-116.93064,"Trail of the Whispering Pines, Big Bear Lake, CA 92315, USA"
AIR20875230,2022-12-01T00:00:00.000Z,34.27011,-116.8662,"Mt Verdi Rd, Big Bear, CA 92314, USA"
AIR20993345,2022-12-01T00:00:00.000Z,34.26247,-116.86069,"W Fairway Blvd, Big Bear, CA 92314, USA"
AIR20996593,2022-12-01T00:00:00.000Z,34.23622,-116.85097,"Flintridge Ave, Big Bear, CA 92314, USA"
AIR21024122,2022-12-01T00:00:00.000Z,34.25007,-116.9362,"Knoll Rd, Fawnskin, CA 92333, USA"
AIR21079905,2022-12-01T00:00:00.000Z,34.24226,-116.95019,"N Bay Dr, Big Bear Lake, CA 92315, USA"
AIR21082012,2022-12-01T00:00:00.000Z,34.24143,-116.89268,"Mcwhinney Ln, Big Bear Lake, CA 92315, USA"
AIR21149200,2022-12-01T00:00:00.000Z,34.237282,-116.918037,"Sky High Dr, Big Bear Lake, CA 92315, USA"
AIR21149203,2022-12-01T00:00:00.000Z,34.227451,-116.857521,"Lassen Dr, Big Bear Lake, CA 92315, USA"
AIR21149204,2022-12-01T00:00:00.000Z,34.23061,-116.848618,"Sand Canyon Rd, Big Bear Lake, CA 92315, USA"
AIR21149210,2022-12-01T00:00:00.000Z,34.24501,-116.900597,"Georgia St, Big Bear Lake, CA 92315, USA"
AIR21149217,2022-12-01T00:00:00.000Z,34.249077,-116.936592,"Knoll Rd, Big Bear Lake, CA 92315, USA"
AIR21149221,2022-12-01T00:00:00.000Z,34.239388,-116.886856,"Evergreen Dr, Big Bear Lake, CA 92315, USA"
AIR21149222,2022-12-01T00:00:00.000Z,34.265675,-116.850639,"W Meadow Ln, Big Bear, CA 92314, USA"
AIR21149223,2022-12-01T00:00:00.000Z,34.231472,-116.843102,"Columbine Dr, Big Bear, CA 92314, USA"
AIR21149224,2022-12-01T00:00:00.000Z,34.245831,-116.900269,"Georgia St, Big Bear Lake, CA 92315, USA"
AIR21154906,2022-12-01T00:00:00.000Z,34.24515,-116.86818,"Waldstrasse Way, Big Bear, CA 92314, USA"
AIR21266440,2022-12-01T00:00:00.000Z,34.12365341,-116.0884628,"Foothill Dr, Twentynine Palms, CA 92277, USA"
AIR21289349,2022-12-01T00:00:00.000Z,34.231003,-116.843414,"Columbine Dr, Big Bear, CA 92314, USA"
AIR21354543,2022-12-01T00:00:00.000Z,34.2404,-116.90654,"Berkley Ln, Big Bear Lake, CA 92315, USA"
AIR21359235,2022-12-01T00:00:00.000Z,34.22917,-116.84756,"Sand Canyon Ct, Big Bear Lake, CA 92315, USA"
AIR21367725,2022-12-01T00:00:00.000Z,34.23957,-116.85769,"W Villa Grove Ave, Big Bear, CA 92314, USA"
AIR21368567,2022-12-01T00:00:00.000Z,34.24536,-116.87034,"Tannenbaum Dr, Big Bear Lake, CA 92315, USA"
AIR21384024,2022-12-01T00:00:00.000Z,34.24597,-116.86789,"Edelweiss Dr, Big Bear Lake, CA 92315, USA"
AIR21438826,2022-12-01T00:00:00.000Z,34.24267,-116.85766,"Villa Grove Ave, Big Bear, CA 92314, USA"
AIR21440198,2022-12-01T00:00:00.000Z,34.25002,-116.83039,"Sunset Ln, Big Bear, CA 92314, USA"
AIR21451498,2022-12-01T00:00:00.000Z,34.2336,-116.91392,"Cherry Ln, Big Bear Lake, CA 92315, USA"
AIR21473739,2022-12-01T00:00:00.000Z,34.23448,-116.85091,"Colusa Ln, Big Bear, CA 92314, USA"
AIR21476331,2022-12-01T00:00:00.000Z,34.23827,-116.84574,"Klamath Rd, Big Bear Lake, CA 92315, USA"
AIR21500024,2022-12-01T00:00:00.000Z,34.23457,-116.85958,"Sheephorn Rd, Big Bear Lake, CA 92315, USA"
AIR21500446,2022-12-01T00:00:00.000Z,34.19352,-116.41383,"Aberdeen Dr, Yucca Valley, CA 92284, USA"
AIR21527691,2022-12-01T00:00:00.000Z,34.22964,-116.84772,"Sand Canyon Ct, Big Bear Lake, CA 92315, USA"
AIR21541299,2022-12-01T00:00:00.000Z,34.25678,-116.82116,"Sites Way, Big Bear, CA 92314, USA"
AIR21582359,2022-12-01T00:00:00.000Z,34.23655,-116.85079,"Flintridge Ave, Big Bear, CA 92314, USA"
AIR21594054,2022-12-01T00:00:00.000Z,34.24083,-116.94254,"Cienega Rd, Big Bear Lake, CA 92315, USA"
AIR21610728,2022-12-01T00:00:00.000Z,34.24371,-116.868,"Constellation Dr, Big Bear, CA 92314, USA"
AIR21611305,2022-12-01T00:00:00.000Z,34.09345,-116.3915,"Lisbon Dr, Yucca Valley, CA 92284, USA"
AIR21623109,2022-12-01T00:00:00.000Z,34.24137,-116.92266,"Talmadge Rd, Big Bear Lake, CA 92315, USA"
AIR21663239,2022-12-01T00:00:00.000Z,34.12541,-116.33199,"Saddleback Rd, Joshua Tree, CA 92252, USA"
AIR21681203,2022-12-01T00:00:00.000Z,34.230186,-116.85862,"Moonridge Rd, Big Bear Lake, CA 92315, USA"
AIR21701935,2022-12-01T00:00:00.000Z,34.19366,-116.42854,"Aberdeen Dr, Yucca Valley, CA 92284, USA"
AIR21711487,2022-12-01T00:00:00.000Z,34.24354,-116.80576,"1st Ln, Big Bear, CA 92314, USA"
AIR21717242,2022-12-01T00:00:00.000Z,34.2591,-116.84956,"W Aeroplane Blvd, Big Bear, CA 92314, USA"
AIR21749401,2022-12-01T00:00:00.000Z,34.24767,-116.87379,"Crystal Lake Rd, Big Bear Lake, CA 92315, USA"
AIR21753106,2022-12-01T00:00:00.000Z,34.24114,-116.89518,"Mcwhinney Ln, Big Bear Lake, CA 92315, USA"
AIR21768145,2022-12-01T00:00:00.000Z,34.231377,-116.84787,"Yosemite Dr, Big Bear Lake, CA 92315, USA"
AIR21768475,2022-12-01T00:00:00.000Z,34.23821,-116.91417,"Cameron Dr, Big Bear Lake, CA 92315, USA"
AIR21770116,2022-12-01T00:00:00.000Z,34.25895,-116.32012,"7M5H+HX Homestead Valley, CA, USA"
AIR21802861,2022-12-01T00:00:00.000Z,34.23447,-116.85531,"Sheephorn Rd, Big Bear Lake, CA 92315, USA"
AIR21830441,2022-12-01T00:00:00.000Z,34.09924,-116.30183,"Willow Ln, Joshua Tree, CA 92252, USA"
AIR21838159,2022-12-01T00:00:00.000Z,34.240627,-116.959366,"Cove Dr, Big Bear Lake, CA 92315, USA"
AIR21838354,2022-12-01T00:00:00.000Z,34.23774,-116.84774,"Alameda Rd, Big Bear, CA 92314, USA"
AIR21847421,2022-12-01T00:00:00.000Z,34.24143,-116.88901,"Golden W Dr, Big Bear Lake, CA 92315, USA"
AIR21848033,2022-12-01T00:00:00.000Z,34.24376,-116.88198,"Brownie Ln, Big Bear Lake, CA 92315, USA"
AIR21848231,2022-12-01T00:00:00.000Z,34.23943,-116.85797,"Butte Dr, Big Bear, CA 92314, USA"
AIR21850098,2022-12-01T00:00:00.000Z,34.23821,-116.89811,"Eureka Dr, Big Bear Lake, CA 92315, USA"
AIR21850181,2022-12-01T00:00:00.000Z,34.26507,-116.83152,"Elysian Blvd, Big Bear, CA 92314, USA"
AIR21850216,2022-12-01T00:00:00.000Z,34.23654,-116.85278,"Silverado Rd, Big Bear, CA 92314, USA"
AIR21852068,2022-12-01T00:00:00.000Z,34.24388,-116.89525,"Big Bear Blvd, Big Bear Lake, CA 92315, USA"
AIR21852145,2022-12-01T00:00:00.000Z,34.23068,-116.84178,"Cascade Rd, Big Bear, CA 92314, USA"
AIR21852181,2022-12-01T00:00:00.000Z,34.25033,-116.88047,"Olympic Dr, Big Bear Lake, CA 92315, USA"
AIR21852321,2022-12-01T00:00:00.000Z,34.24915,-116.87691,"Fox Farm Rd, Big Bear Lake, CA 92315, USA"
AIR21924286,2022-12-01T00:00:00.000Z,34.24707,-116.8988,"Eagle Dr, Big Bear Lake, CA 92315, USA"
AIR21927129,2022-12-01T00:00:00.000Z,34.12025,-116.33004,"Saddleback Rd, Joshua Tree, CA 92252, USA"
AIR21927647,2022-12-01T00:00:00.000Z,34.27108,-116.86276,"Antelope Mountain Dr, Big Bear, CA 92314, USA"
AIR21934237,2022-12-01T00:00:00.000Z,34.09681,-116.38701,"Palomar Ave, Yucca Valley, CA 92284, USA"
AIR21937014,2022-12-01T00:00:00.000Z,34.23255,-116.85729,"Bow Canyon Rd, Big Bear Lake, CA 92315, USA"
AIR21937066,2022-12-01T00:00:00.000Z,34.24772,-116.89646,"Wren Dr, Big Bear Lake, CA 92315, USA"
AIR21937833,2022-12-01T00:00:00.000Z,34.11205,-116.32832,"Navajo Trail, Joshua Tree, CA 92252, USA"
AIR22013713,2022-12-01T00:00:00.000Z,34.24188,-116.87071,"Cougar Rd, Big Bear Lake, CA 92315, USA"
AIR22028034,2022-12-01T00:00:00.000Z,34.18935,-116.33069,"Saddleback Rd, Joshua Tree, CA 92252, USA"
AIR22119257,2022-12-01T00:00:00.000Z,34.2376,-116.88805,"Switzerland Dr, Big Bear Lake, CA 92315, USA"
AIR22236930,2022-12-01T00:00:00.000Z,34.12363,-116.27519,"Stoney Crest Dr, Joshua Tree, CA 92252, USA"
AIR22283623,2022-12-01T00:00:00.000Z,34.09047,-116.29326,"Overhill Rd, Joshua Tree, CA 92252, USA"
AIR22294413,2022-12-01T00:00:00.000Z,34.24142,-116.88852,"Summit Blvd, Big Bear Lake, CA 92315, USA"
AIR22296723,2022-12-01T00:00:00.000Z,34.23682,-116.91273,"Cameron Dr, Big Bear Lake, CA 92315, USA"
AIR22345879,2022-12-01T00:00:00.000Z,34.24287,-116.93129,"Edgemoor Rd, Big Bear Lake, CA 92315, USA"
AIR22409644,2022-12-01T00:00:00.000Z,34.24074,-116.87263,"Moonridge Rd, Big Bear Lake, CA 92315, USA"
AIR22420197,2022-12-01T00:00:00.000Z,34.14726,-116.37217,"Marvin Dr, Yucca Valley, CA 92284, USA"
AIR22443488,2022-12-01T00:00:00.000Z,34.12789,-116.26627,"Sullivan Rd, Joshua Tree, CA 92252, USA"
AIR22452364,2022-12-01T00:00:00.000Z,34.24648,-116.92851,"Arroyo Dr, Big Bear Lake, CA 92315, USA"
AIR22657246,2022-12-01T00:00:00.000Z,34.24070358,-116.8863602,"San Gorgonio Dr, Big Bear Lake, CA 92315, USA"
AIR22770748,2022-12-01T00:00:00.000Z,34.235184,-116.849365,"La Crescenta Dr, Big Bear, CA 92314, USA"
AIR22850694,2022-12-01T00:00:00.000Z,34.25089,-116.86638,"McAlister Rd, Big Bear, CA 92314, USA"
AIR22886448,2022-12-01T00:00:00.000Z,34.23184,-116.85457,"Ridgecrest Dr, Big Bear Lake, CA 92315, USA"
AIR22889273,2022-12-01T00:00:00.000Z,34.2443,-116.87464,"Crystal Lake Rd, Big Bear Lake, CA 92315, USA"
AIR22890321,2022-12-01T00:00:00.000Z,34.11147,-116.30378,"Onaga Trail, Joshua Tree, CA 92252, USA"
AIR22940120,2022-12-01T00:00:00.000Z,34.12061,-116.31357,"Alturas Dr, Joshua Tree, CA 92252, USA"
AIR23020352,2022-12-01T00:00:00.000Z,34.24408,-116.87751,"Balboa Ln, Big Bear Lake, CA 92315, USA"
AIR23036720,2022-12-01T00:00:00.000Z,34.24605,-116.90343,"Knight Ave, Big Bear Lake, CA 92315, USA"
AIR2305425,2022-12-01T00:00:00.000Z,34.09793,-116.44719,"Elk Trail, Yucca Valley, CA 92284, USA"
AIR23094837,2022-12-01T00:00:00.000Z,34.25946,-116.82312,"Kayah Dr, Big Bear, CA 92314, USA"
AIR23150637,2022-12-01T00:00:00.000Z,34.09897,-116.28695,"Rocking Chair Rd, Joshua Tree, CA 92252, USA"
AIR23203257,2022-12-01T00:00:00.000Z,34.25977,-116.83701,"Booth Way, Big Bear, CA 92314, USA"
AIR23258225,2022-12-01T00:00:00.000Z,34.09107,-116.30239,"Lilley Rd, Joshua Tree, CA 92252, USA"
AIR23292587,2022-12-01T00:00:00.000Z,34.11284,-116.4063,"Onaga Trail, Yucca Valley, CA 92284, USA"
AIR23386508,2022-12-01T00:00:00.000Z,34.23135,-116.85686,"Deer Canyon Rd, Big Bear Lake, CA 92315, USA"
AIR2343684,2022-12-01T00:00:00.000Z,34.23433,-116.8529,"Sheephorn Rd, Big Bear Lake, CA 92315, USA"
AIR23438325,2022-12-01T00:00:00.000Z,34.24742,-116.23678,"Cherokee Ln, Joshua Tree, CA 92252, USA"
AIR23469171,2022-12-01T00:00:00.000Z,34.23893,-116.94617,"Big Bear Blvd, Big Bear Lake, CA 92315, USA"
AIR23503416,2022-12-01T00:00:00.000Z,34.24682236,-116.8987427,"Eagle Dr, Big Bear Lake, CA 92315, USA"
AIR23543580,2022-12-01T00:00:00.000Z,34.09873,-116.30344,"Willow Ln, Joshua Tree, CA 92252, USA"
AIR23547295,2022-12-01T00:00:00.000Z,34.23971,-116.85991,"Sheephorn Rd, Big Bear, CA 92314, USA"
AIR23630559,2022-12-01T00:00:00.000Z,34.22974,-116.85952,"Moonridge Rd, Big Bear Lake, CA 92315, USA"
AIR23668704,2022-12-01T00:00:00.000Z,34.15109,-116.4322,"Palm Ave, Yucca Valley, CA 92284, USA"
AIR23702546,2022-12-01T00:00:00.000Z,34.25069,-116.87227,"Gold Rush Dr, Big Bear Lake, CA 92315, USA"
AIR23715521,2022-12-01T00:00:00.000Z,34.23003,-116.84389,"Yosemite Dr, Big Bear Lake, CA 92315, USA"
AIR23768171,2022-12-01T00:00:00.000Z,34.24476,-116.93217,"Edgemoor Rd, Big Bear Lake, CA 92315, USA"
AIR23784019,2022-12-01T00:00:00.000Z,34.25946,-116.85936,"Pine View Dr, Big Bear, CA 92314, USA"
AIR23793421,2022-12-01T00:00:00.000Z,34.12007,-116.34581,"Alta Loma Dr, Joshua Tree, CA 92252, USA"
AIR23862135,2022-12-01T00:00:00.000Z,34.24136,-116.90559,"Main St, Big Bear Lake, CA 92315, USA"
AIR23899141,2022-12-01T00:00:00.000Z,34.13768,-116.41002,"Airway Ct, Yucca Valley, CA 92284, USA"
AIR23942538,2022-12-01T00:00:00.000Z,34.26185,-116.83582,"E Country Club Blvd, Big Bear, CA 92314, USA"
AIR24013535,2022-12-01T00:00:00.000Z,34.15116,-116.37408,"Paradise View Rd, Yucca Valley, CA 92284, USA"
AIR24038529,2022-12-01T00:00:00.000Z,34.20889,-116.38221,"La Brisa Dr, Yucca Valley, CA 92284, USA"
AIR24045096,2022-12-01T00:00:00.000Z,34.14159,-116.31331,"E Pkwy, Joshua Tree, CA 92252, USA"
AIR24178318,2022-12-01T00:00:00.000Z,34.24281,-116.85732,"Minton Ave, Big Bear, CA 92314, USA"
AIR24182317,2022-12-01T00:00:00.000Z,34.15842,-116.30707,"Marigold Ln, Joshua Tree, CA 92252, USA"
AIR24206667,2022-12-01T00:00:00.000Z,34.24235,-116.8247,"Cedar Ln, Sugarloaf, CA 92386, USA"
AIR24221022,2022-12-01T00:00:00.000Z,34.14294,-116.31496,"Terrace Dr, Joshua Tree, CA 92252, USA"
AIR24232505,2022-12-01T00:00:00.000Z,34.23611,-116.88716,"Switzerland Dr #19, Big Bear Lake, CA 92315, USA"
AIR24255105,2022-12-01T00:00:00.000Z,34.13908,-116.41505,"Farrelo Rd, Yucca Valley, CA 92284, USA"
AIR24287359,2022-12-01T00:00:00.000Z,34.11478,-116.40227,"Bonita Trail, Yucca Valley, CA 92284, USA"
AIR2430228,2022-12-01T00:00:00.000Z,34.24647,-116.87759,"Paramount Rd, Big Bear Lake, CA 92315, USA"
AIR24309766,2022-12-01T00:00:00.000Z,34.17267,-116.35218,"Ducor Ave, Joshua Tree, CA 92252, USA"
AIR24315472,2022-12-01T00:00:00.000Z,34.22726,-116.85398,"Primrose Ct, Big Bear Lake, CA 92315, USA"
AIR2431950,2022-12-01T00:00:00.000Z,34.23815,-116.88636,"Mountain Sky Dr, Big Bear Lake, CA 92315, USA"
AIR24555258,2022-12-01T00:00:00.000Z,34.22741,-116.86463,"Balsam Dr, Big Bear Lake, CA 92315, USA"
AIR24637419,2022-12-01T00:00:00.000Z,34.17267,-116.32046,"Calle Del Rio, Joshua Tree, CA 92252, USA"
AIR24655415,2022-12-01T00:00:00.000Z,34.26051,-116.84338,"E Mojave Blvd, Big Bear, CA 92314, USA"
AIR24660161,2022-12-01T00:00:00.000Z,34.24097,-116.88956,"Golden W Dr, Big Bear Lake, CA 92315, USA"
AIR24700767,2022-12-01T00:00:00.000Z,34.14924,-116.42077,"Ridge View Rd, Yucca Valley, CA 92284, USA"
AIR2477352,2022-12-01T00:00:00.000Z,34.22971,-116.85229,"San Pasqual Dr, Big Bear Lake, CA 92315, USA"
AIR24800579,2022-12-01T00:00:00.000Z,34.25194,-116.42193,"Handley Rd, Yucca Valley, CA 92284, USA"
AIR24831057,2022-12-01T00:00:00.000Z,34.10458,-116.44395,"Highland Trail, Yucca Valley, CA 92284, USA"
AIR2483588,2022-12-01T00:00:00.000Z,34.23908,-116.89288,"Thrush Dr, Big Bear Lake, CA 92315, USA"
AIR24857702,2022-12-01T00:00:00.000Z,34.2388,-116.89984,"Conklin Rd, Big Bear Lake, CA 92315, USA"
AIR24938059,2022-12-01T00:00:00.000Z,34.13464,-116.41012,"Paxton Rd, Yucca Valley, CA 92284, USA"
AIR24988387,2022-12-01T00:00:00.000Z,34.23518,-116.84684,"La Crescenta Dr, Big Bear, CA 92314, USA"
AIR24989883,2022-12-01T00:00:00.000Z,34.239388,-116.887085,"Evergreen Dr, Big Bear Lake, CA 92315, USA"
AIR25012960,2022-12-01T00:00:00.000Z,34.20069,-116.50202,"Pipes Canyon Rd, Yucca Valley, CA 92284, USA"
AIR25026507,2022-12-01T00:00:00.000Z,34.240307,-116.92849,"Big Bear Blvd, Big Bear Lake, CA 92315, USA"
AIR2510074,2022-12-01T00:00:00.000Z,34.25983,-116.86403,"W Sherwood Blvd, Big Bear, CA 92314, USA"
AIR25130869,2022-12-01T00:00:00.000Z,34.24155,-116.89385,"Mcwhinney Ln, Big Bear Lake, CA 92315, USA"
AIR25172825,2022-12-01T00:00:00.000Z,34.25769,-116.85533,"Sugarloaf Blvd, Big Bear, CA 92314, USA"
AIR25201967,2022-12-01T00:00:00.000Z,34.11324,-116.31863,"Sunset Rd, Joshua Tree, CA 92252, USA"
AIR2525902,2022-12-01T00:00:00.000Z,34.22664,-116.86658,"Club View Dr, Big Bear Lake, CA 92315, USA"
AIR25263812,2022-12-01T00:00:00.000Z,34.24451,-116.80163,"3rd Ln, Big Bear, CA 92314, USA"
AIR25356728,2022-12-01T00:00:00.000Z,34.26426,-116.87517,"Bear Loop N, Big Bear Lake, CA 92315, USA"
AIR25378892,2022-12-01T00:00:00.000Z,34.24603,-116.86807,"Edelweiss Dr, Big Bear Lake, CA 92315, USA"
AIR25499481,2022-12-01T00:00:00.000Z,34.2389,-116.87469,"Elm St, Big Bear, CA 92314, USA"
AIR25732632,2022-12-01T00:00:00.000Z,34.151588,-116.300522,"Hacienda Rd, Joshua Tree, CA 92252, USA"
AIR25779086,2022-12-01T00:00:00.000Z,34.24113,-116.92526,"Esterly Ln, Big Bear Lake, CA 92315, USA"
AIR25786600,2022-12-01T00:00:00.000Z,34.22662,-116.85465,"Rockspray Dr, Big Bear Lake, CA 92315, USA"
AIR25893671,2022-12-01T00:00:00.000Z,34.23612,-116.83574,"Santa Barbara Ave, Sugarloaf, CA 92386, USA"
AIR25981294,2022-12-01T00:00:00.000Z,34.24156,-116.91475,"Lynn Rd, Big Bear Lake, CA 92315, USA"
AIR26170882,2022-12-01T00:00:00.000Z,34.11842,-116.38807,"Avalon Ave, Yucca Valley, CA 92284, USA"
AIR26261918,2022-12-01T00:00:00.000Z,34.11629,-116.3277,"Pueblo Trail, Joshua Tree, CA 92252, USA"
AIR26279903,2022-12-01T00:00:00.000Z,34.26074,-116.82519,"Maple Ridge Dr, Big Bear, CA 92314, USA"
AIR26327847,2022-12-01T00:00:00.000Z,34.22865,-116.8426,"Yosemite Dr, Big Bear Lake, CA 92315, USA"
AIR26331936,2022-12-01T00:00:00.000Z,34.12359,-116.27533,"Stoney Crest Dr, Joshua Tree, CA 92252, USA"
AIR26339365,2022-12-01T00:00:00.000Z,34.13282,-116.28012,"4PM9+4X Joshua Tree, CA, USA"
AIR263614,2022-12-01T00:00:00.000Z,34.26848,-116.84745,"Myrtle Ave, Big Bear, CA 92314, USA"
AIR26361848,2022-12-01T00:00:00.000Z,34.23889,-116.89632,"Wren Dr, Big Bear Lake, CA 92315, USA"
AIR26441505,2022-12-01T00:00:00.000Z,34.24806,-116.89611,"Swan Dr, Big Bear Lake, CA 92315, USA"
AIR26568598,2022-12-01T00:00:00.000Z,34.24512,-116.8796,"Catalina Rd, Big Bear Lake, CA 92315, USA"
AIR26636567,2022-12-01T00:00:00.000Z,34.24814,-116.45605,"Mira St, Yucca Valley, CA 92284, USA"
AIR26657947,2022-12-01T00:00:00.000Z,34.24905,-116.45604,"Jemez Trail, Yucca Valley, CA 92284, USA"
AIR26668356,2022-12-01T00:00:00.000Z,34.24445,-116.87472,"Crystal Lake Rd, Big Bear Lake, CA 92315, USA"
AIR26668975,2022-12-01T00:00:00.000Z,34.24592,-116.89687,"Oriole Dr, Big Bear Lake, CA 92315, USA"
AIR26869243,2022-12-01T00:00:00.000Z,34.23904,-116.88894,"Summit Blvd, Big Bear Lake, CA 92315, USA"
AIR27042685,2022-12-01T00:00:00.000Z,34.2372,-116.89848,"Eureka Dr, Big Bear Lake, CA 92315, USA"
AIR27054872,2022-12-01T00:00:00.000Z,34.12335,-116.33206,"Juniper Rd, Joshua Tree, CA 92252, USA"
AIR27159211,2022-12-01T00:00:00.000Z,34.24791,-116.92906,"Lakeview Dr, Big Bear Lake, CA 92315, USA"
AIR27208638,2022-12-01T00:00:00.000Z,34.23417,-116.84968,"Wolf Rd, Big Bear Lake, CA 92315, USA"
AIR2740053,2022-12-01T00:00:00.000Z,34.23219,-116.86414,"Club View Dr, Big Bear Lake, CA 92315, USA"
AIR27431980,2022-12-01T00:00:00.000Z,34.24374,-116.87805,"Catalina Rd, Big Bear Lake, CA 92315, USA"
AIR27503814,2022-12-01T00:00:00.000Z,34.22857,-116.86408,"Balsam Dr, Big Bear Lake, CA 92315, USA"
AIR27530624,2022-12-01T00:00:00.000Z,34.18171,-116.35216,"Olympic Rd, Joshua Tree, CA 92252, USA"
AIR27531781,2022-12-01T00:00:00.000Z,34.09292,-116.31408,"Sage Rd, Joshua Tree, CA 92252, USA"
AIR27557510,2022-12-01T00:00:00.000Z,34.26543,-116.83354,"Elysian Blvd, Big Bear, CA 92314, USA"
AIR2760821,2022-12-01T00:00:00.000Z,34.23813,-116.88946,"Golden W Dr, Big Bear Lake, CA 92315, USA"
AIR27634479,2022-12-01T00:00:00.000Z,34.09271,-116.31611,"Fleur Dr, Joshua Tree, CA 92252, USA"
AIR2770668,2022-12-01T00:00:00.000Z,34.23387,-116.85104,"Colusa Ln, Big Bear Lake, CA 92315, USA"
AIR27730468,2022-12-01T00:00:00.000Z,34.12665,-116.32017,"El Cajon Dr, Joshua Tree, CA 92252, USA"
AIR27734166,2022-12-01T00:00:00.000Z,34.25077,-116.86519,"McAlister Rd, Big Bear, CA 92314, USA"
AIR27760550,2022-12-01T00:00:00.000Z,34.24717,-116.89027,"Andes Ln, Big Bear Lake, CA 92315, USA"
AIR27784773,2022-12-01T00:00:00.000Z,34.19624,-116.38497,"5JW8+F2 Homestead Valley, CA, USA"
AIR27853688,2022-12-01T00:00:00.000Z,34.25832,-116.83494,"Sheridan Dr, Big Bear, CA 92314, USA"
AIR27900881,2022-12-01T00:00:00.000Z,34.25173,-116.90414,"Eagle Dr, Big Bear Lake, CA 92315, USA"
AIR28033224,2022-12-01T00:00:00.000Z,34.12808,-116.32047,"Palm Vista Dr, Joshua Tree, CA 92252, USA"
AIR28105279,2022-12-01T00:00:00.000Z,34.25544,-116.87673,"Golden Oak Rd, Big Bear Lake, CA 92315, USA"
AIR28134475,2022-12-01T00:00:00.000Z,34.23937,-116.88516,"Winterset Ct, Big Bear Lake, CA 92315, USA"
AIR28181787,2022-12-01T00:00:00.000Z,34.2353,-116.84773,"Green Oaks Ct, Big Bear Lake, CA 92315, USA"
AIR28182527,2022-12-01T00:00:00.000Z,34.24098,-116.86264,"Butte Ave, Big Bear, CA 92314, USA"
AIR28223108,2022-12-01T00:00:00.000Z,34.1237,-116.32261,"Alta Vista Dr, Joshua Tree, CA 92252, USA"
AIR28285055,2022-12-01T00:00:00.000Z,34.22732,-116.86458,"Balsam Dr, Big Bear Lake, CA 92315, USA"
AIR28285304,2022-12-01T00:00:00.000Z,34.25802,-116.85432,"Sugarloaf Blvd, Big Bear, CA 92314, USA"
AIR28318890,2022-12-01T00:00:00.000Z,34.23574,-116.87278,"Willow Ave, Big Bear Lake, CA 92315, USA"
AIR28335260,2022-12-01T00:00:00.000Z,34.08207,-116.39053,"Santa Barbara Dr, Yucca Valley, CA 92284, USA"
AIR28341216,2022-12-01T00:00:00.000Z,34.24047,-116.85558,"Minton Ave, Big Bear, CA 92314, USA"
AIR2835654,2022-12-01T00:00:00.000Z,34.22518,-116.85393,"Rockspray Dr, Big Bear Lake, CA 92315, USA"
AIR28358740,2022-12-01T00:00:00.000Z,34.18455,-116.31135,"Porter Blvd, Joshua Tree, CA 92252, USA"
AIR2838924,2022-12-01T00:00:00.000Z,34.13101,-116.31674,"El Reposo Cir, Joshua Tree, CA 92252, USA"
AIR28435957,2022-12-01T00:00:00.000Z,34.24841,-116.93409,"Lakeview Dr, Big Bear Lake, CA 92315, USA"
AIR28514669,2022-12-01T00:00:00.000Z,34.1046,-116.31448,"Skyline Dr, Joshua Tree, CA 92252, USA"
AIR28520431,2022-12-01T00:00:00.000Z,34.242,-116.90754,"Marin Rd, Big Bear Lake, CA 92315, USA"
AIR28568770,2022-12-01T00:00:00.000Z,34.15418,-116.37308,"Paradise View Rd, Yucca Valley, CA 92284, USA"
AIR28607882,2022-12-01T00:00:00.000Z,34.23927,-116.8735,"Falcon Ave, Big Bear Lake, CA 92315, USA"
AIR28638591,2022-12-01T00:00:00.000Z,34.12869,-116.31263,"Mountain View Cir, Joshua Tree, CA 92252, USA"
AIR28693145,2022-12-01T00:00:00.000Z,34.12472,-116.32883,"Sunnyhill Rd, Joshua Tree, CA 92252, USA"
AIR28718198,2022-12-01T00:00:00.000Z,34.24853,-116.8992,"Finch Dr, Big Bear Lake, CA 92315, USA"
AIR28767933,2022-12-01T00:00:00.000Z,34.2469,-116.92754,"Arroyo Dr, Big Bear Lake, CA 92315, USA"
AIR28834224,2022-12-01T00:00:00.000Z,34.23598,-116.93424,"Crocus Dr, Big Bear Lake, CA 92315, USA"
AIR28862662,2022-12-01T00:00:00.000Z,34.2251,-116.84967,"Shasta Rd, Big Bear Lake, CA 92315, USA"
AIR28890070,2022-12-01T00:00:00.000Z,34.15123,-116.30201,"Hacienda Rd, Joshua Tree, CA 92252, USA"
AIR28960257,2022-12-01T00:00:00.000Z,34.24271,-116.92738,"Forest Rd, Big Bear Lake, CA 92315, USA"
AIR28962995,2022-12-01T00:00:00.000Z,34.25103,-116.86622,"McAlister Rd, Big Bear, CA 92314, USA"
AIR29055533,2022-12-01T00:00:00.000Z,34.24512,-116.87505,"Avalon Rd, Big Bear Lake, CA 92315, USA"
AIR29106956,2022-12-01T00:00:00.000Z,34.24742,-116.87722,"Tioga Dr, Big Bear Lake, CA 92315, USA"
AIR29149253,2022-12-01T00:00:00.000Z,34.14181,-116.31839,"Sunset Rd, Joshua Tree, CA 92252, USA"
AIR29152596,2022-12-01T00:00:00.000Z,34.23999,-116.89053,"St Moritz Dr, Big Bear Lake, CA 92315, USA"
AIR29181453,2022-12-01T00:00:00.000Z,34.25888,-116.86592,"Rainbow Blvd, Big Bear, CA 92314, USA"
AIR29259889,2022-12-01T00:00:00.000Z,34.24468,-116.95436,"Waterview Dr, Big Bear Lake, CA 92315, USA"
AIR29278041,2022-12-01T00:00:00.000Z,34.23807,-116.9595,"Big Bear Blvd, Big Bear Lake, CA 92315, USA"
AIR2934685,2022-12-01T00:00:00.000Z,34.2294,-116.86546,"Balsam Dr, Big Bear Lake, CA 92315, USA"
AIR29416492,2022-12-01T00:00:00.000Z,34.2025,-116.3001,"Border Ave, Joshua Tree, CA 92252, USA"
AIR29416913,2022-12-01T00:00:00.000Z,34.24437,-116.94197,"Cienega Rd, Big Bear Lake, CA 92315, USA"
AIR29483862,2022-12-01T00:00:00.000Z,34.24503,-116.90152,"Jeffries Rd, Big Bear Lake, CA 92315, USA"
AIR29489715,2022-12-01T00:00:00.000Z,34.22839,-116.86394,"Balsam Dr, Big Bear Lake, CA 92315, USA"
AIR29494983,2022-12-01T00:00:00.000Z,34.22503,-116.85471,"Rockspray Dr, Big Bear Lake, CA 92315, USA"
AIR2950663,2022-12-01T00:00:00.000Z,34.24124,-116.88923,"Golden W Dr, Big Bear Lake, CA 92315, USA"
AIR29521386,2022-12-01T00:00:00.000Z,34.24505,-116.95682,"Waterview Dr, Big Bear Lake, CA 92315, USA"
AIR29521399,2022-12-01T00:00:00.000Z,34.24979,-116.9007,"Finch Dr, Big Bear Lake, CA 92315, USA"
AIR29539946,2022-12-01T00:00:00.000Z,34.23981,-116.92555,"Big Bear Blvd, Big Bear Lake, CA 92315, USA"
AIR29543123,2022-12-01T00:00:00.000Z,34.24348,-116.9254,"Waynoka Ln, Big Bear Lake, CA 92315, USA"
AIR29549556,2022-12-01T00:00:00.000Z,34.24916458,-116.9393158,"Lake Dr, Big Bear Lake, CA 92315, USA"
AIR29587863,2022-12-01T00:00:00.000Z,34.09293,-116.29745,"Kent Rd, Joshua Tree, CA 92252, USA"
AIR29589383,2022-12-01T00:00:00.000Z,34.21989,-116.24429,"Starlight Rd, Joshua Tree, CA 92252, USA"
AIR29626350,2022-12-01T00:00:00.000Z,34.24563,-116.94227,"Aurora Rd, Big Bear Lake, CA 92315, USA"
AIR29679031,2022-12-01T00:00:00.000Z,34.15723,-116.43803,"Puente Ct, Yucca Valley, CA 92284, USA"
AIR29708560,2022-12-01T00:00:00.000Z,34.22556,-116.85672,"Lassen Dr, Big Bear, CA 92314, USA"
AIR29756280,2022-12-01T00:00:00.000Z,34.24172,-116.87315,"Cougar Rd, Big Bear Lake, CA 92315, USA"
AIR29802006,2022-12-01T00:00:00.000Z,34.24027,-116.90554,"Modesto Lane, Big Bear Lake, CA 92315, USA"
AIR29830749,2022-12-01T00:00:00.000Z,34.24643,-116.86688,"Alpenweg Dr, Big Bear, CA 92314, USA"
AIR29851372,2022-12-01T00:00:00.000Z,34.24539,-116.94411,"Aurora Rd, Big Bear Lake, CA 92315, USA"
AIR29897877,2022-12-01T00:00:00.000Z,34.26615,-116.78976,"Baldwin Lake Rd, Big Bear, CA 92314, USA"
AIR30015793,2022-12-01T00:00:00.000Z,34.23066,-116.84921,"Sand Canyon Rd, Big Bear Lake, CA 92315, USA"
AIR30019598,2022-12-01T00:00:00.000Z,34.24013,-116.89573,"Wren Dr, Big Bear Lake, CA 92315, USA"
AIR30131073,2022-12-01T00:00:00.000Z,34.23535,-116.85819,"Elk Rd, Big Bear, CA 92314, USA"
AIR30145508,2022-12-01T00:00:00.000Z,34.23776,-116.9181,"Sky High Dr, Big Bear Lake, CA 92315, USA"
AIR30145518,2022-12-01T00:00:00.000Z,34.23477,-116.86703,"Club View Dr, Big Bear Lake, CA 92315, USA"
AIR30145525,2022-12-01T00:00:00.000Z,34.24038,-116.8851,"Breckenridge Rd, Big Bear Lake, CA 92315, USA"
AIR30145531,2022-12-01T00:00:00.000Z,34.24939,-116.89567,"Stone Bridge Cir, Big Bear Lake, CA 92315, USA"
AIR30145533,2022-12-01T00:00:00.000Z,34.24692,-116.89003,"Andes Ln, Big Bear Lake, CA 92315, USA"
AIR30145544,2022-12-01T00:00:00.000Z,34.24847,-116.92643,"Lakeview Dr, Big Bear Lake, CA 92315, USA"
AIR30145546,2022-12-01T00:00:00.000Z,34.2425,-116.8886,"Brownie Ln, Big Bear Lake, CA 92315, USA"
AIR30145547,2022-12-01T00:00:00.000Z,34.25688,-116.86406,"Mountain Ln, Big Bear, CA 92314, USA"
AIR30145556,2022-12-01T00:00:00.000Z,34.23906,-116.88242,"Snowbird Ct, Big Bear Lake, CA 92315, USA"
AIR30145601,2022-12-01T00:00:00.000Z,34.24134,-116.86257,"Butte Ave, Big Bear Lake, CA 92315, USA"
AIR30145602,2022-12-01T00:00:00.000Z,34.24213,-116.86807,"Cougar Rd, Big Bear Lake, CA 92315, USA"
AIR30145604,2022-12-01T00:00:00.000Z,34.23713,-116.8903,"Switzerland Dr, Big Bear Lake, CA 92315, USA"
AIR30201417,2022-12-01T00:00:00.000Z,34.13191,-116.31016,"Mountain View Cir, Joshua Tree, CA 92252, USA"
AIR30319100,2022-12-01T00:00:00.000Z,34.23877,-116.9593,"Big Bear Blvd, Big Bear Lake, CA 92315, USA"
AIR30343969,2022-12-01T00:00:00.000Z,34.24822,-116.9354,"Lakeview Dr, Fawnskin, CA 92333, USA"
AIR30349317,2022-12-01T00:00:00.000Z,34.21215,-116.27273,"Celesta St, Joshua Tree, CA 92252, USA"
AIR30354843,2022-12-01T00:00:00.000Z,34.23529,-116.88574,"64P7+4P Big Bear Lake, CA, USA"
AIR30407007,2022-12-01T00:00:00.000Z,34.23888,-116.86982,"Peregrine Ave, Big Bear Lake, CA 92315, USA"
AIR30448871,2022-12-01T00:00:00.000Z,34.24011,-116.92272,"Talmadge Rd, Big Bear Lake, CA 92315, USA"
AIR30512235,2022-12-01T00:00:00.000Z,34.15687,-116.30535,"Dennis Ave, Joshua Tree, CA 92252, USA"
AIR30514475,2022-12-01T00:00:00.000Z,34.22959,-116.85821,"Moonridge Rd, Big Bear Lake, CA 92315, USA"
AIR30530093,2022-12-01T00:00:00.000Z,34.23759,-116.88527,"Switzerland Dr, Big Bear Lake, CA 92315, USA"
AIR30537601,2022-12-01T00:00:00.000Z,34.24723,-116.92518,"Lakeview Dr, Big Bear Lake, CA 92315, USA"
AIR30675134,2022-12-01T00:00:00.000Z,34.12767,-116.25747,"Sullivan Rd, Joshua Tree, CA 92252, USA"
AIR30677742,2022-12-01T00:00:00.000Z,34.25509,-116.85965,"Eton Ln, Big Bear, CA 92314, USA"
AIR30679333,2022-12-01T00:00:00.000Z,34.22426,-116.85056,"Shasta Rd, Big Bear Lake, CA 92315, USA"
AIR30679493,2022-12-01T00:00:00.000Z,34.25662,-116.87791,"Eagle Ridge, Big Bear Lake, CA 92315, USA"
AIR30692949,2022-12-01T00:00:00.000Z,34.23999,-116.86104,"Monterey St, Big Bear Lake, CA 92315, USA"
AIR30717873,2022-12-01T00:00:00.000Z,34.23966,-116.88561,"Evergreen Dr, Big Bear Lake, CA 92315, USA"
AIR30744844,2022-12-01T00:00:00.000Z,34.22386,-116.22133,"Sierra Way, Joshua Tree, CA 92252, USA"
AIR30763903,2022-12-01T00:00:00.000Z,34.24774,-116.87654,"Tioga Dr, Big Bear Lake, CA 92315, USA"
AIR30792412,2022-12-01T00:00:00.000Z,34.2329,-116.86536,"Club View Dr, Big Bear Lake, CA 92315, USA"
AIR30881441,2022-12-01T00:00:00.000Z,34.17079,-116.36136,"Alta Ave, Yucca Valley, CA 92284, USA"
AIR30886430,2022-12-01T00:00:00.000Z,34.24747,-116.86738,"McAlister Rd, Big Bear, CA 92314, USA"
AIR30936332,2022-12-01T00:00:00.000Z,34.13145,-116.2277,"Mt Lassen Ave, Joshua Tree, CA 92252, USA"
AIR30962543,2022-12-01T00:00:00.000Z,34.26835,-116.85168,"Nana Ave, Big Bear, CA 92314, USA"
AIR30998195,2022-12-01T00:00:00.000Z,34.24252,-116.887,"Big Bear Blvd, Big Bear Lake, CA 92315, USA"
AIR31056450,2022-12-01T00:00:00.000Z,34.16195,-116.31459,"Ave La Candela, Joshua Tree, CA 92252, USA"
AIR31058298,2022-12-01T00:00:00.000Z,34.13341,-116.30844,"Sunburst Cir, Joshua Tree, CA 92252, USA"
AIR31084278,2022-12-01T00:00:00.000Z,34.23569,-116.85455,"Sheephorn Rd, Big Bear Lake, CA 92315, USA"
AIR31121936,2022-12-01T00:00:00.000Z,34.23346,-116.86538,"Club View Dr, Big Bear Lake, CA 92315, USA"
AIR31175820,2022-12-01T00:00:00.000Z,34.12083,-116.33665,"Sunny Vista Rd, Joshua Tree, CA 92252, USA"
AIR31191498,2022-12-01T00:00:00.000Z,34.14625,-116.37464,"Wilcox Ln, Yucca Valley, CA 92284, USA"
AIR31193851,2022-12-01T00:00:00.000Z,34.22898,-116.83953,"Yosemite Dr, Big Bear, CA 92314, USA"
AIR31194867,2022-12-01T00:00:00.000Z,34.23273,-116.85527,"Ridgecrest Dr, Big Bear Lake, CA 92315, USA"
AIR31202518,2022-12-01T00:00:00.000Z,34.26027,-116.83202,"Barrett Way, Big Bear, CA 92314, USA"
AIR31202634,2022-12-01T00:00:00.000Z,34.09456,-116.28251,"Uphill Rd, Joshua Tree, CA 92252, USA"
AIR31240072,2022-12-01T00:00:00.000Z,34.26271,-116.84265,"E Fairway Blvd, Big Bear, CA 92314, USA"
AIR31255460,2022-12-01T00:00:00.000Z,34.12911,-116.32197,"Conejo Ave, Joshua Tree, CA 92252, USA"
AIR31262574,2022-12-01T00:00:00.000Z,34.23971,-116.88956,"Golden W Dr, Big Bear Lake, CA 92315, USA"
AIR31263152,2022-12-01T00:00:00.000Z,34.24886,-116.87177,"Fox Farm Rd, Big Bear Lake, CA 92315, USA"
AIR31296794,2022-12-01T00:00:00.000Z,34.2376,-116.89041,"Switzerland Dr, Big Bear Lake, CA 92315, USA"
AIR313045,2022-12-01T00:00:00.000Z,34.24679,-116.89187,"Tanager Dr, Big Bear Lake, CA 92315, USA"
AIR31337308,2022-12-01T00:00:00.000Z,34.12272,-116.31668,"Alta Mura Dr, Joshua Tree, CA 92252, USA"
AIR31341498,2022-12-01T00:00:00.000Z,34.24104,-116.87731,"Evergreen Dr, Big Bear Lake, CA 92315, USA"
AIR31467374,2022-12-01T00:00:00.000Z,34.23747,-116.84782,"Alameda Rd, Big Bear, CA 92314, USA"
AIR31495623,2022-12-01T00:00:00.000Z,34.15491,-116.43771,"Gold Nugget Rd, Yucca Valley, CA 92284, USA"
AIR31546598,2022-12-01T00:00:00.000Z,34.26032,-116.85729,"W Big Bear Blvd, Big Bear, CA 92314, USA"
AIR3158415,2022-12-01T00:00:00.000Z,34.23614,-116.84977,"Klamath Rd, Big Bear, CA 92314, USA"
AIR31595540,2022-12-01T00:00:00.000Z,34.2304,-116.86456,"Pigeon Rd, Big Bear Lake, CA 92315, USA"
AIR31642557,2022-12-01T00:00:00.000Z,34.1633,-116.38079,"Goleta Ave, Yucca Valley, CA 92284, USA"
AIR31716068,2022-12-01T00:00:00.000Z,34.24122,-116.87973,"Evergreen Dr, Big Bear Lake, CA 92315, USA"
AIR31721957,2022-12-01T00:00:00.000Z,34.24323,-116.95002,"Robin Rd, Big Bear Lake, CA 92315, USA"
AIR31763631,2022-12-01T00:00:00.000Z,34.24722,-116.88832,"Garstin Dr, Big Bear Lake, CA 92315, USA"
AIR31884589,2022-12-01T00:00:00.000Z,34.15172,-116.43345,"Cobalt Rd, Yucca Valley, CA 92284, USA"
AIR31933988,2022-12-01T00:00:00.000Z,34.11843,-116.34332,"Latham Trail, Joshua Tree, CA 92252, USA"
AIR32017620,2022-12-01T00:00:00.000Z,34.24163,-116.87679,"Moonridge Rd, Big Bear Lake, CA 92315, USA"
AIR3210000,2022-12-01T00:00:00.000Z,34.24182,-116.92507,"Mahanoy Ln, Big Bear Lake, CA 92315, USA"
AIR32139270,2022-12-01T00:00:00.000Z,34.24613,-116.83046,"Sunset Ln, Sugarloaf, CA 92386, USA"
AIR32171572,2022-12-01T00:00:00.000Z,34.23859,-116.88879,"Summit Blvd, Big Bear Lake, CA 92315, USA"
AIR32185269,2022-12-01T00:00:00.000Z,34.24416,-116.85819,"Villa Grove Ave, Big Bear, CA 92314, USA"
AIR32357745,2022-12-01T00:00:00.000Z,34.24993,-116.86901,"Juniper Dr, Big Bear Lake, CA 92315, USA"
AIR32388975,2022-12-01T00:00:00.000Z,34.12436,-116.23179,"Redondo Ave, Joshua Tree, CA 92252, USA"
AIR32439228,2022-12-01T00:00:00.000Z,34.12354,-116.3248,"Alta Vista Dr, Joshua Tree, CA 92252, USA"
AIR32449440,2022-12-01T00:00:00.000Z,34.24015,-116.94262,"Willow Landing Rd, Big Bear Lake, CA 92315, USA"
AIR32550030,2022-12-01T00:00:00.000Z,34.23879,-116.88856,"Summit Blvd, Big Bear Lake, CA 92315, USA"
AIR32571750,2022-12-01T00:00:00.000Z,34.25544,-116.86943,"Glenwood Dr, Big Bear Lake, CA 92315, USA"
AIR32628779,2022-12-01T00:00:00.000Z,34.11264,-116.33313,"Vista Rd, Joshua Tree, CA 92252, USA"
AIR32645410,2022-12-01T00:00:00.000Z,34.23579,-116.91364,"Andrew Ln, Big Bear Lake, CA 92315, USA"
AIR32670206,2022-12-01T00:00:00.000Z,34.23463,-116.92803,"Mill Creek Rd, Big Bear Lake, CA 92315, USA"
AIR32670648,2022-12-01T00:00:00.000Z,34.23632,-116.92837,"Tulip Ln, Big Bear Lake, CA 92315, USA"
AIR32699838,2022-12-01T00:00:00.000Z,34.26059,-116.84457,"E Mojave Blvd, Big Bear, CA 92314, USA"
AIR3272187,2022-12-01T00:00:00.000Z,34.22617,-116.86478,"Dogwood Dr, Big Bear Lake, CA 92315, USA"
AIR32724453,2022-12-01T00:00:00.000Z,34.24268,-116.93012,"Highland Rd, Big Bear Lake, CA 92315, USA"
AIR32725441,2022-12-01T00:00:00.000Z,34.13367,-116.31093,"Valley View Cir, Joshua Tree, CA 92252, USA"
AIR32762447,2022-12-01T00:00:00.000Z,34.244854,-116.927361,"Tennessee Ln, Big Bear Lake, CA 92315, USA"
AIR32769471,2022-12-01T00:00:00.000Z,34.23775,-116.91916,"Sky High Dr, Big Bear Lake, CA 92315, USA"
AIR32771094,2022-12-01T00:00:00.000Z,34.24342,-116.92336,"Bonita Ln, Big Bear Lake, CA 92315, USA"
AIR32772145,2022-12-01T00:00:00.000Z,34.09705,-116.28706,"Single Tree Rd, Joshua Tree, CA 92252, USA"
AIR32841072,2022-12-01T00:00:00.000Z,34.24479,-116.87312,"Crater Lake Rd, Big Bear Lake, CA 92315, USA"
AIR32844520,2022-12-01T00:00:00.000Z,34.11524,-116.4802,"Rockaway Ave, Yucca Valley, CA 92284, USA"
AIR32912934,2022-12-01T00:00:00.000Z,34.12137,-116.31162,"Alturas Dr, Joshua Tree, CA 92252, USA"
AIR32943268,2022-12-01T00:00:00.000Z,34.25581,-116.87642,"Golden Oak Rd, Big Bear Lake, CA 92315, USA"
AIR33095563,2022-12-01T00:00:00.000Z,34.26131,-116.86533,"W Aeroplane Blvd, Big Bear, CA 92314, USA"
AIR33100094,2022-12-01T00:00:00.000Z,34.25459,-116.86073,"Dorset Dr, Big Bear, CA 92314, USA"
AIR33218597,2022-12-01T00:00:00.000Z,34.23612,-116.87417,"Willow Ave, Big Bear Lake, CA 92315, USA"
AIR33279054,2022-12-01T00:00:00.000Z,34.13273,-116.30917,"Mountain View Cir, Joshua Tree, CA 92252, USA"
AIR33424543,2022-12-01T00:00:00.000Z,34.24154,-116.86286,"Butte Ave, Big Bear, CA 92314, USA"
AIR33472322,2022-12-01T00:00:00.000Z,34.11826,-116.34722,"Latham Trail, Joshua Tree, CA 92252, USA"
AIR33529742,2022-12-01T00:00:00.000Z,34.23081207,-116.8451767,"Canyon Crest Dr, Big Bear Lake, CA 92315, USA"
AIR33640083,2022-12-01T00:00:00.000Z,34.23845,-116.88632,"Mountain Sky Dr, Big Bear Lake, CA 92315, USA"
AIR33678212,2022-12-01T00:00:00.000Z,34.23763,-116.85136,"Flintridge Ave, Big Bear, CA 92314, USA"
AIR3374385,2022-12-01T00:00:00.000Z,34.24167,-116.86568,"Lucerne Dr, Big Bear Lake, CA 92315, USA"
AIR33779338,2022-12-01T00:00:00.000Z,34.10712,-116.33004,"Cougar Ln, Joshua Tree, CA 92252, USA"
AIR33804714,2022-12-01T00:00:00.000Z,34.2454,-116.87982,"Catalina Rd, Big Bear Lake, CA 92315, USA"
AIR33804716,2022-12-01T00:00:00.000Z,34.2395,-116.94033,"Cienega Rd, Big Bear Lake, CA 92315, USA"
AIR33852584,2022-12-01T00:00:00.000Z,34.22609,-116.85448,"Rockspray Ct, Big Bear Lake, CA 92315, USA"
AIR33914758,2022-12-01T00:00:00.000Z,34.2483,-116.93514,"Forest Rd, Big Bear Lake, CA 92315, USA"
AIR33932738,2022-12-01T00:00:00.000Z,34.24301,-116.86078,"Villa Grove Ave, Big Bear, CA 92314, USA"
AIR33972989,2022-12-01T00:00:00.000Z,34.13172,-116.31993,"Hillview Rd, Joshua Tree, CA 92252, USA"
AIR34091101,2022-12-01T00:00:00.000Z,34.12488,-116.31934,"Crest Cir Dr, Joshua Tree, CA 92252, USA"
AIR34206244,2022-12-01T00:00:00.000Z,34.24648,-116.93002,"Forest Rd, Big Bear Lake, CA 92315, USA"
AIR34228566,2022-12-01T00:00:00.000Z,34.24223,-116.88545,"Breckenridge Rd, Big Bear Lake, CA 92315, USA"
AIR34229576,2022-12-01T00:00:00.000Z,34.24891,-116.8983,"Eureka Dr, Big Bear, CA 92314, USA"
AIR34263332,2022-12-01T00:00:00.000Z,34.14046,-116.31672,"Morningside Rd, Joshua Tree, CA 92252, USA"
AIR34263928,2022-12-01T00:00:00.000Z,34.24539,-116.92322,"Gibralter Rd, Big Bear Lake, CA 92315, USA"
AIR34340575,2022-12-01T00:00:00.000Z,34.2387,-116.88559,"Crestwood Dr, Big Bear Lake, CA 92315, USA"
AIR34546532,2022-12-01T00:00:00.000Z,34.24053,-116.92288,"Temple Ln, Big Bear Lake, CA 92315, USA"
AIR34548122,2022-12-01T00:00:00.000Z,34.27651,-116.84356,"Gold Mountain Dr, Big Bear, CA 92314, USA"
AIR34675732,2022-12-01T00:00:00.000Z,34.23674774,-116.8873215,"Switzerland Dr, Big Bear Lake, CA 92315, USA"
AIR34784703,2022-12-01T00:00:00.000Z,34.23086,-116.86148,"Bear Meadows Ln, Big Bear Lake, CA 92315, USA"
AIR34811266,2022-12-01T00:00:00.000Z,34.23377,-116.84466,"Tuolumne Rd, Big Bear, CA 92314, USA"
AIR34906870,2022-12-01T00:00:00.000Z,34.245258,-116.923286,"Gibralter Rd, Big Bear Lake, CA 92315, USA"
AIR34914796,2022-12-01T00:00:00.000Z,34.11354,-116.31424,"Quail Springs Rd, Joshua Tree, CA 92252, USA"
AIR34938980,2022-12-01T00:00:00.000Z,34.23343,-116.85214,"Colusa Dr, Big Bear Lake, CA 92315, USA"
AIR34943505,2022-12-01T00:00:00.000Z,34.27097,-116.86121,"Antelope Mountain Dr, Big Bear, CA 92314, USA"
AIR35032874,2022-12-01T00:00:00.000Z,34.22584,-116.84851,"Ridgecrest Dr, Big Bear Lake, CA 92315, USA"
AIR35092841,2022-12-01T00:00:00.000Z,34.25596,-116.86142,"Kingston Ln, Big Bear, CA 92314, USA"
AIR3511262,2022-12-01T00:00:00.000Z,34.26352,-116.85978,"W Valley Ex Prc H Blvd, Big Bear, CA 92314, USA"
AIR35137044,2022-12-01T00:00:00.000Z,34.24288,-116.78975,"G Ln, Big Bear, CA 92314, USA"
AIR35161526,2022-12-01T00:00:00.000Z,34.24971,-116.90225,"Eagle Dr, Big Bear Lake, CA 92315, USA"
AIR35238736,2022-12-01T00:00:00.000Z,34.25637,-116.86604,"Division Dr, Big Bear, CA 92314, USA"
AIR35291294,2022-12-01T00:00:00.000Z,34.23739,-116.83382,"Riverside Ave, Big Bear, CA 92314, USA"
AIR35380879,2022-12-01T00:00:00.000Z,34.24359,-116.87701,"Catalina Rd, Big Bear Lake, CA 92315, USA"
AIR35577610,2022-12-01T00:00:00.000Z,34.11236,-116.31649,"Navajo Trail, Joshua Tree, CA 92252, USA"
AIR35676751,2022-12-01T00:00:00.000Z,34.24175,-116.87067,"Cougar Rd, Big Bear Lake, CA 92315, USA"
AIR35802813,2022-12-01T00:00:00.000Z,34.2695,-116.86443,"Mt Whitney Dr, Big Bear, CA 92314, USA"
AIR3582281,2022-12-01T00:00:00.000Z,34.15194,-116.40787,"Paisano Ln, Yucca Valley, CA 92284, USA"
AIR35831339,2022-12-01T00:00:00.000Z,34.13357,-116.31829,"Division St, Joshua Tree, CA 92252, USA"
AIR35840139,2022-12-01T00:00:00.000Z,34.2468,-116.9315,"Dover, Big Bear Lake, CA 92315, USA"
AIR35840737,2022-12-01T00:00:00.000Z,34.24352,-116.93068,"Edgemoor Rd, Big Bear Lake, CA 92315, USA"
AIR35878996,2022-12-01T00:00:00.000Z,34.23949,-116.90735,"Pennsylvania Ave, Big Bear Lake, CA 92315, USA"
AIR35904573,2022-12-01T00:00:00.000Z,34.15516,-116.38301,"Oleander Dr, Yucca Valley, CA 92284, USA"
AIR35907704,2022-12-01T00:00:00.000Z,34.24417496,-116.9494858,"Waterview Dr, Big Bear Lake, CA 92315, USA"
AIR35918724,2022-12-01T00:00:00.000Z,34.23399,-116.85056,"Colusa Ln, Big Bear Lake, CA 92315, USA"
AIR35950977,2022-12-01T00:00:00.000Z,34.24557,-116.92643,"Vista Ln, Big Bear Lake, CA 92315, USA"
AIR35976750,2022-12-01T00:00:00.000Z,34.23577,-116.84887,"Klamath Ct, Big Bear, CA 92314, USA"
AIR36064932,2022-12-01T00:00:00.000Z,34.26093,-116.79208,"Baldwin Lake Rd, Big Bear, CA 92314, USA"
AIR36104526,2022-12-01T00:00:00.000Z,34.24081,-116.86392,"Monterey St, Big Bear Lake, CA 92315, USA"
AIR36171175,2022-12-01T00:00:00.000Z,34.24288,-116.9087,"Big Bear Blvd, Big Bear Lake, CA 92315, USA"
AIR36278459,2022-12-01T00:00:00.000Z,34.23044968,-116.8420944,"Cascade Rd, Big Bear, CA 92314, USA"
AIR36317156,2022-12-01T00:00:00.000Z,34.23963,-116.88889,"Summit Blvd, Big Bear Lake, CA 92315, USA"
AIR36325337,2022-12-01T00:00:00.000Z,34.24578,-116.8689,"Teakwood Dr, Big Bear Lake, CA 92315, USA"
AIR36417265,2022-12-01T00:00:00.000Z,34.11593,-116.33656,"Pueblo Trail, Joshua Tree, CA 92252, USA"
AIR36424965,2022-12-01T00:00:00.000Z,34.12994,-116.22907,"Cascade Rd, Joshua Tree, CA 92252, USA"
AIR36478636,2022-12-01T00:00:00.000Z,34.13581,-116.40715,"Paxton Rd, Yucca Valley, CA 92284, USA"
AIR36556643,2022-12-01T00:00:00.000Z,34.10632,-116.41579,"Quail Trail, Yucca Valley, CA 92284, USA"
AIR36664590,2022-12-01T00:00:00.000Z,34.25554,-116.87427,"Starlight Cir, Big Bear Lake, CA 92315, USA"
AIR36667537,2022-12-01T00:00:00.000Z,34.23801,-116.92886,"Edgemoor Rd, Big Bear Lake, CA 92315, USA"
AIR36672494,2022-12-01T00:00:00.000Z,34.24635,-116.44567,"Deer Trail, Yucca Valley, CA 92284, USA"
AIR36728126,2022-12-01T00:00:00.000Z,34.12533,-116.31826,"Crest Cir Dr, Joshua Tree, CA 92252, USA"
AIR36768811,2022-12-01T00:00:00.000Z,34.25868,-116.83446,"Marlowe Dr, Big Bear, CA 92314, USA"
AIR36842977,2022-12-01T00:00:00.000Z,34.23635,-116.8869,"Switzerland Dr, Big Bear Lake, CA 92315, USA"
AIR37009794,2022-12-01T00:00:00.000Z,34.26391,-116.83467,"Angeles Blvd, Big Bear, CA 92314, USA"
AIR37018321,2022-12-01T00:00:00.000Z,34.2432,-116.86784,"Constellation Dr, Big Bear, CA 92314, USA"
AIR37053575,2022-12-01T00:00:00.000Z,34.24139,-116.82979,"Wabash Ave, Big Bear, CA 92314, USA"
AIR37055682,2022-12-01T00:00:00.000Z,34.24026,-116.90034,"Georgia St, Big Bear Lake, CA 92315, USA"
AIR37090043,2022-12-01T00:00:00.000Z,34.25836,-116.84556,"E Rainbow Blvd, Big Bear, CA 92314, USA"
AIR37090582,2022-12-01T00:00:00.000Z,34.25792,-116.83455,"Marlowe Dr, Big Bear, CA 92314, USA"
AIR37126694,2022-12-01T00:00:00.000Z,34.24535,-116.895348,"Quail Dr, Big Bear Lake, CA 92315, USA"
AIR37254760,2022-12-01T00:00:00.000Z,34.12516,-116.33184,"Saddleback Rd, Joshua Tree, CA 92252, USA"
AIR37260457,2022-12-01T00:00:00.000Z,34.16519,-116.35793,"Sun Oro Rd, Yucca Valley, CA 92284, USA"
AIR37260994,2022-12-01T00:00:00.000Z,34.25855,-116.86137,"Rainbow Blvd, Big Bear, CA 92314, USA"
AIR3731435,2022-12-01T00:00:00.000Z,34.23441,-116.91379,"Cherry Ln, Big Bear Lake, CA 92315, USA"
AIR37392920,2022-12-01T00:00:00.000Z,34.24878,-116.8696,"Fox Farm Rd, Big Bear Lake, CA 92315, USA"
AIR37423484,2022-12-01T00:00:00.000Z,34.24759,-116.92848,"Lakeview Dr, Big Bear Lake, CA 92315, USA"
AIR37465188,2022-12-01T00:00:00.000Z,34.24165,-116.92404,"Mahanoy Ln, Big Bear Lake, CA 92315, USA"
AIR37538312,2022-12-01T00:00:00.000Z,34.10394,-116.46127,"Cooper Ln, Yucca Valley, CA 92284, USA"
AIR3760220,2022-12-01T00:00:00.000Z,34.12643,-116.32338,"Conejo Ave, Joshua Tree, CA 92252, USA"
AIR37622456,2022-12-01T00:00:00.000Z,34.12141,-116.32457,"Agave Rd, Joshua Tree, CA 92252, USA"
AIR37632027,2022-12-01T00:00:00.000Z,34.24858,-116.93164,"Lakeview Dr, Big Bear Lake, CA 92315, USA"
AIR37680831,2022-12-01T00:00:00.000Z,34.25931,-116.84805,"W Aeroplane Blvd, Big Bear, CA 92314, USA"
AIR37717545,2022-12-01T00:00:00.000Z,34.25053,-116.92913,"Lagunita Ln, Big Bear Lake, CA 92315, USA"
AIR37754548,2022-12-01T00:00:00.000Z,34.20577621,-116.3516846,"Belfair Dr, Joshua Tree, CA 92252, USA"
AIR37828136,2022-12-01T00:00:00.000Z,34.2405,-116.89175,"Comstock Ln, Big Bear Lake, CA 92315, USA"
AIR37835798,2022-12-01T00:00:00.000Z,34.24248,-116.86788,"Alta Vista Ave, Big Bear Lake, CA 92315, USA"
AIR37836448,2022-12-01T00:00:00.000Z,34.24706,-116.92897,"Lakeview Dr, Big Bear Lake, CA 92315, USA"
AIR37885770,2022-12-01T00:00:00.000Z,34.2414,-116.86955,"Cougar Rd, Big Bear Lake, CA 92315, USA"
AIR37896577,2022-12-01T00:00:00.000Z,34.23776,-116.88797,"Switzerland Dr, Big Bear Lake, CA 92315, USA"
AIR37943206,2022-12-01T00:00:00.000Z,34.23749,-116.90203,"Jeffries Rd, Big Bear Lake, CA 92315, USA"
AIR37947960,2022-12-01T00:00:00.000Z,34.12906,-116.31978,"Valley View Dr, Joshua Tree, CA 92252, USA"
AIR37973935,2022-12-01T00:00:00.000Z,34.12588,-116.35089,"Chesapeake Dr, Joshua Tree, CA 92252, USA"
AIR38063155,2022-12-01T00:00:00.000Z,34.25949,-116.86011,"Robinhood Blvd, Big Bear, CA 92314, USA"
AIR38070781,2022-12-01T00:00:00.000Z,34.2430191,-116.9251099,"Waynoka Ln, Big Bear Lake, CA 92315, USA"
AIR3808430,2022-12-01T00:00:00.000Z,34.14915,-116.00227,"4XXX+M3 Twentynine Palms, CA, USA"
AIR38157379,2022-12-01T00:00:00.000Z,34.14244,-116.42107,"Farrelo Rd, Yucca Valley, CA 92284, USA"
AIR38186160,2022-12-01T00:00:00.000Z,34.2421,-116.89186,"St Anton Ct, Big Bear Lake, CA 92315, USA"
AIR38213580,2022-12-01T00:00:00.000Z,34.2473,-116.93432,"Forest Rd, Big Bear Lake, CA 92315, USA"
AIR38262593,2022-12-01T00:00:00.000Z,34.24402,-116.90118,"Jeffries Rd, Big Bear Lake, CA 92315, USA"
AIR38390330,2022-12-01T00:00:00.000Z,34.13084,-116.32113,"Capilla Dr, Joshua Tree, CA 92252, USA"
AIR38390992,2022-12-01T00:00:00.000Z,34.23567,-116.88706,"64P7+75 Big Bear Lake, CA, USA"
AIR38408944,2022-12-01T00:00:00.000Z,34.2418,-116.8616,"Villa Grove Ave, Big Bear, CA 92314, USA"
AIR38428847,2022-12-01T00:00:00.000Z,34.24162,-116.83123,"Vista Ave, Sugarloaf, CA 92386, USA"
AIR38434886,2022-12-01T00:00:00.000Z,34.23742,-116.84693,"Alameda Rd, Big Bear Lake, CA 92315, USA"
AIR38484924,2022-12-01T00:00:00.000Z,34.23772,-116.94714,"Brier Trail, Big Bear Lake, CA 92315, USA"
AIR38552415,2022-12-01T00:00:00.000Z,34.26856,-116.84433,"Mt Doble Dr, Big Bear, CA 92314, USA"
AIR38618797,2022-12-01T00:00:00.000Z,34.20381,-116.28708,"Oasis Dr, Joshua Tree, CA 92252, USA"
AIR38679109,2022-12-01T00:00:00.000Z,34.24106,-116.91584,"Village Dr, Big Bear Lake, CA 92315, USA"
AIR38901143,2022-12-01T00:00:00.000Z,34.24979,-116.8777,"Silver Pick Rd, Big Bear Lake, CA 92315, USA"
AIR38929178,2022-12-01T00:00:00.000Z,34.10403,-116.32407,"4M3G+J9 Joshua Tree, CA, USA"
AIR38931617,2022-12-01T00:00:00.000Z,34.24139,-116.93721,"Daisy Ln, Big Bear Lake, CA 92315, USA"
AIR39002967,2022-12-01T00:00:00.000Z,34.26058,-116.83941,"Booth Way, Big Bear, CA 92314, USA"
AIR39031497,2022-12-01T00:00:00.000Z,34.24525,-116.87624,"Avalon Rd, Big Bear Lake, CA 92315, USA"
AIR39088524,2022-12-01T00:00:00.000Z,34.14345,-116.31247,"Oleander Dr, Joshua Tree, CA 92252, USA"
AIR39111232,2022-12-01T00:00:00.000Z,34.2396,-116.86313,"Sunset Dr, Big Bear Lake, CA 92315, USA"
AIR39127477,2022-12-01T00:00:00.000Z,34.1276,-116.38899,"Sunnyslope Dr, Yucca Valley, CA 92284, USA"
AIR39130848,2022-12-01T00:00:00.000Z,34.23588562,-116.913002,"Cameron Dr, Big Bear Lake, CA 92315, USA"
AIR39200707,2022-12-01T00:00:00.000Z,34.18292,-116.40987,"Lucerne Vista, Yucca Valley, CA 92284, USA"
AIR39224739,2022-12-01T00:00:00.000Z,34.11124,-116.34866,"Onaga Trail, Joshua Tree, CA 92252, USA"
AIR39272949,2022-12-01T00:00:00.000Z,34.15433,-116.506,"Red Ryder Rd, Pioneertown, CA 92268, USA"
AIR39276152,2022-12-01T00:00:00.000Z,34.24153,-116.9605,"Cove Dr, Big Bear Lake, CA 92315, USA"
AIR39281901,2022-12-01T00:00:00.000Z,34.25931,-116.84692,"W Aeroplane Blvd, Big Bear, CA 92314, USA"
AIR39339005,2022-12-01T00:00:00.000Z,34.23537,-116.89777,"Eureka Dr, Big Bear Lake, CA 92315, USA"
AIR39393084,2022-12-01T00:00:00.000Z,34.2376,-116.84879,"Sunnyslope Rd, Big Bear, CA 92314, USA"
AIR39396751,2022-12-01T00:00:00.000Z,34.24111,-116.91458,"Village Dr, Big Bear Lake, CA 92315, USA"
AIR39508963,2022-12-01T00:00:00.000Z,34.26388,-116.87711,"Bear Loop, Big Bear, CA 92314, USA"
AIR39525645,2022-12-01T00:00:00.000Z,34.11365,-116.31847,"Sunset Rd, Joshua Tree, CA 92252, USA"
AIR39559919,2022-12-01T00:00:00.000Z,34.22793,-116.84122,"Yosemite Dr, Big Bear, CA 92314, USA"
AIR39580697,2022-12-01T00:00:00.000Z,34.26269,-116.82144,"E Big Bear Blvd, Big Bear, CA 92314, USA"
AIR39582163,2022-12-01T00:00:00.000Z,34.10225,-116.32212,"4M2H+V5 Joshua Tree, CA, USA"
AIR39607271,2022-12-01T00:00:00.000Z,34.2504,-116.86863,"Juniper Dr, Big Bear Lake, CA 92315, USA"
AIR39698164,2022-12-01T00:00:00.000Z,34.10572,-116.30743,"Skyline Dr, Joshua Tree, CA 92252, USA"
AIR39699192,2022-12-01T00:00:00.000Z,34.24501,-116.81962,"Heritage Trail, Big Bear, CA 92314, USA"
AIR39699444,2022-12-01T00:00:00.000Z,34.24683,-116.92488,"Lakeview Dr, Big Bear Lake, CA 92315, USA"
AIR39703856,2022-12-01T00:00:00.000Z,34.23882,-116.8607,"Sunset Dr, Big Bear Lake, CA 92315, USA"
AIR39720392,2022-12-01T00:00:00.000Z,34.0973,-116.37094,"La Contenta Rd, Yucca Valley, CA 92284, USA"
AIR39723128,2022-12-01T00:00:00.000Z,34.2442,-116.92613,"Vista Ln, Big Bear Lake, CA 92315, USA"
AIR39747073,2022-12-01T00:00:00.000Z,34.23244,-116.85969,"Sand Canyon Rd, Big Bear Lake, CA 92315, USA"
AIR39776275,2022-12-01T00:00:00.000Z,34.12772,-116.32183,"Sunburst Dr, Joshua Tree, CA 92252, USA"
AIR39795581,2022-12-01T00:00:00.000Z,34.24074,-116.86703,"Monterey St, Big Bear Lake, CA 92315, USA"
AIR39796476,2022-12-01T00:00:00.000Z,34.25161,-116.86747,"Sugarpine Rd, Big Bear, CA 92314, USA"
AIR39796936,2022-12-01T00:00:00.000Z,34.24396,-116.87297,"Avalon Rd, Big Bear Lake, CA 92315, USA"
AIR39816684,2022-12-01T00:00:00.000Z,34.2408,-116.8913,"Comstock Ln, Big Bear Lake, CA 92315, USA"
AIR39846957,2022-12-01T00:00:00.000Z,34.24101,-116.9417,"Cienega Rd, Big Bear Lake, CA 92315, USA"
AIR39861872,2022-12-01T00:00:00.000Z,34.12241,-116.3481,"Lomita Rd, Joshua Tree, CA 92252, USA"
AIR39896415,2022-12-01T00:00:00.000Z,34.24041,-116.93973,"Cienega Rd, Big Bear Lake, CA 92315, USA"
AIR39921445,2022-12-01T00:00:00.000Z,34.24681,-116.89507,"Mockingbird Dr, Big Bear Lake, CA 92315, USA"
AIR39987933,2022-12-01T00:00:00.000Z,34.24174,-116.86333,"Villa Grove Ave, Big Bear, CA 92314, USA"
AIR40063041,2022-12-01T00:00:00.000Z,34.11721,-116.32366,"Pueblo Trail, Joshua Tree, CA 92252, USA"
AIR4006508,2022-12-01T00:00:00.000Z,34.23756,-116.886459,"Mountain Sky Dr, Big Bear Lake, CA 92315, USA"
AIR4008052,2022-12-01T00:00:00.000Z,34.24087,-116.95099,"Willow Landing Rd, Big Bear Lake, CA 92315, USA"
AIR40116349,2022-12-01T00:00:00.000Z,34.24003,-116.86419,"Encino Rd, Big Bear, CA 92314, USA"
AIR40134242,2022-12-01T00:00:00.000Z,34.24601,-116.92524,"Lakeview Dr, Big Bear Lake, CA 92315, USA"
AIR40134245,2022-12-01T00:00:00.000Z,34.2445,-116.9197,"Lakeview Ct, Big Bear Lake, CA 92315, USA"
AIR40205778,2022-12-01T00:00:00.000Z,34.23974,-116.90478,"Knight Ave, Big Bear Lake, CA 92315, USA"
AIR40209179,2022-12-01T00:00:00.000Z,34.24358,-116.92114,"Lakeview Ct, Big Bear Lake, CA 92315, USA"
AIR40240095,2022-12-01T00:00:00.000Z,34.26763,-116.85796,"White Mountain Rd, Big Bear, CA 92314, USA"
AIR40241531,2022-12-01T00:00:00.000Z,34.23997,-116.85675,"Villa Grove Ave, Big Bear, CA 92314, USA"
AIR4026018,2022-12-01T00:00:00.000Z,34.12652,-116.32126,"El Cajon Dr, Joshua Tree, CA 92252, USA"
AIR40260366,2022-12-01T00:00:00.000Z,34.25532,-116.86589,"Ashwood Dr, Big Bear, CA 92314, USA"
AIR40287280,2022-12-01T00:00:00.000Z,34.24543762,-116.839386,"Sawmill Canyon Dr, Sugarloaf, CA 92386, USA"
AIR40309286,2022-12-01T00:00:00.000Z,34.24284,-116.8837,"Snowmass Ln, Big Bear Lake, CA 92315, USA"
AIR40375284,2022-12-01T00:00:00.000Z,34.24391,-116.92323,"Narrow Ln, Big Bear Lake, CA 92315, USA"
AIR40379955,2022-12-01T00:00:00.000Z,34.23818,-116.85758,"Sheephorn Rd, Big Bear, CA 92314, USA"
AIR40491565,2022-12-01T00:00:00.000Z,34.24859,-116.93674,"Forest Rd, Big Bear Lake, CA 92315, USA"
AIR40591599,2022-12-01T00:00:00.000Z,34.23491,-116.85078,"Wolf Rd, Big Bear Lake, CA 92315, USA"
AIR40593329,2022-12-01T00:00:00.000Z,34.23983,-116.8955,"Wren Dr, Big Bear Lake, CA 92315, USA"
AIR40618460,2022-12-01T00:00:00.000Z,34.23779,-116.85167,"Flintridge Ave, Big Bear, CA 92314, USA"
AIR40634138,2022-12-01T00:00:00.000Z,34.263569,-116.875366,"Bear Loop, Big Bear, CA 92314, USA"
AIR40639926,2022-12-01T00:00:00.000Z,34.14383,-116.41286,"Bandera Rd, Yucca Valley, CA 92284, USA"
AIR40703861,2022-12-01T00:00:00.000Z,34.13003,-116.31367,"Grand View Cir, Joshua Tree, CA 92252, USA"
AIR40705272,2022-12-01T00:00:00.000Z,34.23274,-116.84355,"Tuolumne Rd, Big Bear, CA 92314, USA"
AIR40706007,2022-12-01T00:00:00.000Z,34.237476,-116.863159,"Tehama Dr, Big Bear Lake, CA 92315, USA"
AIR40716764,2022-12-01T00:00:00.000Z,34.24233,-116.88503,"Breckenridge Rd, Big Bear Lake, CA 92315, USA"
AIR40783673,2022-12-01T00:00:00.000Z,34.16621,-116.25871,"E Broadway, Joshua Tree, CA 92252, USA"
AIR40809583,2022-12-01T00:00:00.000Z,34.23516,-116.852,"Wolf Rd, Big Bear Lake, CA 92315, USA"
AIR4119166,2022-12-01T00:00:00.000Z,34.24372,-116.95682,"Waterview Dr, Big Bear Lake, CA 92315, USA"
AIR4350998,2022-12-01T00:00:00.000Z,34.23939,-116.88671,"Evergreen Dr, Big Bear Lake, CA 92315, USA"
AIR4384488,2022-12-01T00:00:00.000Z,34.24215,-116.92308,"Temple Ln, Big Bear Lake, CA 92315, USA"
AIR4427739,2022-12-01T00:00:00.000Z,34.24133,-116.89015,"St Moritz Dr, Big Bear Lake, CA 92315, USA"
AIR4430533,2022-12-01T00:00:00.000Z,34.23665,-116.8728,"Cedar Ave, Big Bear Lake, CA 92315, USA"
AIR4453608,2022-12-01T00:00:00.000Z,34.10778,-116.31951,"Mountain View Trail, Joshua Tree, CA 92252, USA"
AIR4582783,2022-12-01T00:00:00.000Z,34.24006,-116.85735,"Villa Grove Ave, Big Bear, CA 92314, USA"
AIR4645690,2022-12-01T00:00:00.000Z,34.20016,-116.28444,"Sunny Sands Dr, Joshua Tree, CA 92252, USA"
AIR4693222,2022-12-01T00:00:00.000Z,34.2364,-116.88613,"Switzerland Dr #19, Big Bear Lake, CA 92315, USA"
AIR4816068,2022-12-01T00:00:00.000Z,34.23627,-116.85258,"Villa Grove Ave, Big Bear, CA 92314, USA"
AIR4824383,2022-12-01T00:00:00.000Z,34.23573,-116.85985,"Silver Tip Dr, Big Bear Lake, CA 92315, USA"
AIR5104205,2022-12-01T00:00:00.000Z,34.24168,-116.86277,"Villa Grove Ave, Big Bear Lake, CA 92315, USA"
AIR5136088,2022-12-01T00:00:00.000Z,34.2453,-116.95342,"Waterview Dr, Big Bear Lake, CA 92315, USA"
AIR5190667,2022-12-01T00:00:00.000Z,34.2382,-116.85575,"Villa Grove Ave, Big Bear, CA 92314, USA"
AIR523376,2022-12-01T00:00:00.000Z,34.24807,-116.86973,"Teakwood Dr, Big Bear Lake, CA 92315, USA"
AIR5325653,2022-12-01T00:00:00.000Z,34.26555,-116.85083,"Tinker Bell Ave, Big Bear, CA 92314, USA"
AIR5696718,2022-12-01T00:00:00.000Z,34.23587,-116.89328,"Thrush Ct, Big Bear Lake, CA 92315, USA"
AIR5969627,2022-12-01T00:00:00.000Z,34.24404,-116.92674,"Lakewood Ln, Big Bear Lake, CA 92315, USA"
AIR6278973,2022-12-01T00:00:00.000Z,34.24089,-116.95866,"Cove Dr, Big Bear Lake, CA 92315, USA"
AIR6279086,2022-12-01T00:00:00.000Z,34.24077,-116.8563,"Minton Ave, Big Bear, CA 92314, USA"
AIR6279113,2022-12-01T00:00:00.000Z,34.24713,-116.89607,"Mockingbird Dr, Big Bear Lake, CA 92315, USA"
AIR6279125,2022-12-01T00:00:00.000Z,34.24874,-116.89183,"Pinecrest Dr, Big Bear Lake, CA 92315, USA"
AIR6451877,2022-12-01T00:00:00.000Z,34.23641,-116.91725,"Ironwood Dr, Big Bear Lake, CA 92315, USA"
AIR6481540,2022-12-01T00:00:00.000Z,34.1243,-116.26421,"Foothill Dr, Joshua Tree, CA 92252, USA"
AIR6564037,2022-12-01T00:00:00.000Z,34.24045,-116.86127,"Monterey St, Big Bear Lake, CA 92315, USA"
AIR6656446,2022-12-01T00:00:00.000Z,34.24186,-116.89619,"Mcwhinney Ln, Big Bear Lake, CA 92315, USA"
AIR666691,2022-12-01T00:00:00.000Z,34.240726,-116.934792,"Lintner Rd, Big Bear Lake, CA 92315, USA"
AIR6673353,2022-12-01T00:00:00.000Z,34.24043,-116.89438,"Comstock Ln, Big Bear Lake, CA 92315, USA"
AIR6675761,2022-12-01T00:00:00.000Z,34.23512,-116.84894,"La Crescenta Dr, Big Bear, CA 92314, USA"
AIR6690593,2022-12-01T00:00:00.000Z,34.25218,-116.90172,"N Eureka Dr, Big Bear Lake, CA 92315, USA"
AIR6691376,2022-12-01T00:00:00.000Z,34.23904,-116.89043,"Golden W Pl, Big Bear Lake, CA 92315, USA"
AIR6704191,2022-12-01T00:00:00.000Z,34.2366,-116.89922,"Conklin Rd, Big Bear Lake, CA 92315, USA"
AIR6729193,2022-12-01T00:00:00.000Z,34.2466,-116.93626,"Lake Dr, Big Bear Lake, CA 92315, USA"
AIR676164,2022-12-01T00:00:00.000Z,34.12211,-116.25754,"4PCR+RX Joshua Tree, CA, USA"
AIR6817370,2022-12-01T00:00:00.000Z,34.10027,-116.30751,"VÃ­a Rocosa, Joshua Tree, CA 92252, USA"
AIR6820440,2022-12-01T00:00:00.000Z,34.24231,-116.91669,"Big Bear Blvd, Big Bear Lake, CA 92315, USA"
AIR6822873,2022-12-01T00:00:00.000Z,34.23866,-116.92993,"Edgemoor Rd, Big Bear Lake, CA 92315, USA"
AIR7025746,2022-12-01T00:00:00.000Z,34.2386,-116.88959,"Golden W Pl, Big Bear Lake, CA 92315, USA"
AIR7072350,2022-12-01T00:00:00.000Z,34.24269,-116.87558,"Catalina Rd, Big Bear Lake, CA 92315, USA"
AIR7072455,2022-12-01T00:00:00.000Z,34.23997,-116.88645,"Tamarack Dr, Big Bear Lake, CA 92315, USA"
AIR7085152,2022-12-01T00:00:00.000Z,34.24969,-116.87428,"Crater Lake Rd, Big Bear Lake, CA 92315, USA"
AIR7088097,2022-12-01T00:00:00.000Z,34.24019,-116.86213,"Encino Rd, Big Bear Lake, CA 92315, USA"
AIR7088244,2022-12-01T00:00:00.000Z,34.24144,-116.86047,"Butte Ave, Big Bear, CA 92314, USA"
AIR7088715,2022-12-01T00:00:00.000Z,34.23717,-116.89213,"Thrush Dr APT 44, Big Bear Lake, CA 92315, USA"
AIR7106153,2022-12-01T00:00:00.000Z,34.24364,-116.8595,"Villa Grove Ave, Big Bear, CA 92314, USA"
AIR7106885,2022-12-01T00:00:00.000Z,34.23414,-116.85584,"Sand Canyon Rd, Big Bear Lake, CA 92315, USA"
AIR7107497,2022-12-01T00:00:00.000Z,34.24149,-116.89418,"Mcwhinney Ln, Big Bear Lake, CA 92315, USA"
AIR7107717,2022-12-01T00:00:00.000Z,34.24959,-116.89352,"Meadow View Dr, Big Bear Lake, CA 92315, USA"
AIR7108197,2022-12-01T00:00:00.000Z,34.23009,-116.84399,"Yosemite Dr, Big Bear Lake, CA 92315, USA"
AIR7108469,2022-12-01T00:00:00.000Z,34.25224,-116.86638,"Division Dr, Big Bear, CA 92314, USA"
AIR7110624,2022-12-01T00:00:00.000Z,34.23004,-116.86354,"Pigeon Rd, Big Bear Lake, CA 92315, USA"
AIR7110802,2022-12-01T00:00:00.000Z,34.08794,-116.29278,"La Collina, Joshua Tree, CA 92252, USA"
AIR7110933,2022-12-01T00:00:00.000Z,34.27093,-116.85141,"Curly Dr, Big Bear, CA 92314, USA"
AIR7111423,2022-12-01T00:00:00.000Z,34.23702,-116.85924,"Menlo Dr, Big Bear Lake, CA 92315, USA"
AIR7111950,2022-12-01T00:00:00.000Z,34.23249,-116.85477,"Ridgecrest Dr, Big Bear Lake, CA 92315, USA"
AIR7112225,2022-12-01T00:00:00.000Z,34.23933,-116.891,"St Moritz Dr, Big Bear Lake, CA 92315, USA"
AIR7112523,2022-12-01T00:00:00.000Z,34.24196,-116.86914,"Cougar Rd, Big Bear, CA 92314, USA"
AIR7112575,2022-12-01T00:00:00.000Z,34.22991,-116.86374,"Balsam Dr, Big Bear Lake, CA 92315, USA"
AIR7113291,2022-12-01T00:00:00.000Z,34.24498,-116.87058,"Tannenbaum Dr, Big Bear Lake, CA 92315, USA"
AIR7113367,2022-12-01T00:00:00.000Z,34.22531,-116.85083,"Shasta Rd, Big Bear Lake, CA 92315, USA"
AIR71684,2022-12-01T00:00:00.000Z,34.281,-116.79607,"Rocky Point Dr, Big Bear, CA 92314, USA"
AIR7222037,2022-12-01T00:00:00.000Z,34.23771,-116.83359,"San Bernardino Ave, Big Bear, CA 92314, USA"
AIR7346841,2022-12-01T00:00:00.000Z,34.22482,-116.40842,"Luna Vista Ln, Yucca Valley, CA 92285, USA"
AIR7397366,2022-12-01T00:00:00.000Z,34.11381,-116.43133,"Palm Ave, Yucca Valley, CA 92284, USA"
AIR7437584,2022-12-01T00:00:00.000Z,34.23635,-116.85361,"Villa Grove Ave, Big Bear, CA 92314, USA"
AIR7452014,2022-12-01T00:00:00.000Z,34.2063,-116.28731,"Oasis Dr, Joshua Tree, CA 92252, USA"
AIR7494623,2022-12-01T00:00:00.000Z,34.23883,-116.92985,"Edgemoor Rd, Big Bear Lake, CA 92315, USA"
AIR7633842,2022-12-01T00:00:00.000Z,34.24316,-116.89011,"CA-18, Big Bear Lake, CA 92315, USA"
AIR7633998,2022-12-01T00:00:00.000Z,34.24324,-116.88948,"CA-18, Big Bear Lake, CA 92315, USA"
AIR7663261,2022-12-01T00:00:00.000Z,34.24506,-116.86847,"Waldstrasse Way, Big Bear, CA 92314, USA"
AIR7745543,2022-12-01T00:00:00.000Z,34.2368,-116.89859,"Eureka Dr, Big Bear Lake, CA 92315, USA"
AIR7748388,2022-12-01T00:00:00.000Z,34.29221,-116.81032,"3rd St, Big Bear, CA 92314, USA"
AIR7774724,2022-12-01T00:00:00.000Z,34.22686,-116.86228,"Club View Dr, Big Bear Lake, CA 92315, USA"
AIR7884919,2022-12-01T00:00:00.000Z,34.12584,-116.31835,"Granada Dr, Joshua Tree, CA 92252, USA"
AIR8070456,2022-12-01T00:00:00.000Z,34.09243,-116.31215,"Rosemary Ln, Joshua Tree, CA 92252, USA"
AIR808533,2022-12-01T00:00:00.000Z,34.09258,-116.30611,"VÃ­a Rocosa, Joshua Tree, CA 92252, USA"
AIR8087145,2022-12-01T00:00:00.000Z,34.25032,-116.93188,"Lagunita Ln, Big Bear Lake, CA 92315, USA"
AIR8090935,2022-12-01T00:00:00.000Z,34.23993,-116.90115,"Oak St, Big Bear Lake, CA 92315, USA"
AIR8102059,2022-12-01T00:00:00.000Z,34.23773,-116.8618,"Silver Tip Dr, Big Bear Lake, CA 92315, USA"
AIR8107048,2022-12-01T00:00:00.000Z,34.24222,-116.92066,"Lakeview Dr, Big Bear Lake, CA 92315, USA"
AIR8116725,2022-12-01T00:00:00.000Z,34.24626,-116.87739,"Scandia Rd, Big Bear Lake, CA 92315, USA"
AIR8151970,2022-12-01T00:00:00.000Z,34.26055,-116.86178,"W Big Bear Blvd, Big Bear, CA 92314, USA"
AIR8189914,2022-12-01T00:00:00.000Z,34.23608,-116.85992,"Sunset Dr, Big Bear Lake, CA 92315, USA"
AIR8320969,2022-12-01T00:00:00.000Z,34.23557,-116.89053,"Summit Blvd Suite C, Big Bear Lake, CA 92315, USA"
AIR835126,2022-12-01T00:00:00.000Z,34.26148,-116.86525,"W Aeroplane Blvd, Big Bear, CA 92314, USA"
AIR8356115,2022-12-01T00:00:00.000Z,34.24385,-116.78896,"G Ln, Big Bear, CA 92314, USA"
AIR8453390,2022-12-01T00:00:00.000Z,34.23195,-116.84709,"Colusa Dr, Big Bear Lake, CA 92315, USA"
AIR8487685,2022-12-01T00:00:00.000Z,34.241455,-116.94516,"N Bay Dr, Big Bear Lake, CA 92315, USA"
AIR8487701,2022-12-01T00:00:00.000Z,34.23144,-116.86528,"Falls Ave, Big Bear Lake, CA 92315, USA"
AIR8506725,2022-12-01T00:00:00.000Z,34.238979,-116.858887,"Sheephorn Rd, Big Bear, CA 92314, USA"
AIR865917,2022-12-01T00:00:00.000Z,34.2078,-116.50128,"6F5X+4F Homestead Valley, CA, USA"
AIR8680291,2022-12-01T00:00:00.000Z,34.14209,-116.39623,"Nelson Ave, Yucca Valley, CA 92284, USA"
AIR8687782,2022-12-01T00:00:00.000Z,34.26641,-116.84563,"Sierra Ave, Big Bear, CA 92314, USA"
AIR8688155,2022-12-01T00:00:00.000Z,34.09545,-116.30889,"VÃ­a Rocosa, Joshua Tree, CA 92252, USA"
AIR8811512,2022-12-01T00:00:00.000Z,34.24579,-116.92557,"Lakeview Dr, Big Bear Lake, CA 92315, USA"
AIR8884708,2022-12-01T00:00:00.000Z,34.24202,-116.89326,"Brownie Ln, Big Bear Lake, CA 92315, USA"
AIR8968332,2022-12-01T00:00:00.000Z,34.24435,-116.90265,"Mountainaire Ln, Big Bear Lake, CA 92315, USA"
AIR9030749,2022-12-01T00:00:00.000Z,34.23783,-116.88848,"Switzerland Dr, Big Bear Lake, CA 92315, USA"
AIR9061128,2022-12-01T00:00:00.000Z,34.23772,-116.88583,"Crestwood Dr, Big Bear Lake, CA 92315, USA"
AIR9063353,2022-12-01T00:00:00.000Z,34.23833,-116.88674,"Mountain Sky Dr, Big Bear Lake, CA 92315, USA"
AIR9065030,2022-12-01T00:00:00.000Z,34.23838,-116.88682,"Mountain Sky Dr, Big Bear Lake, CA 92315, USA"
AIR9134487,2022-12-01T00:00:00.000Z,34.247,-116.86815,"Edelweiss Dr, Big Bear Lake, CA 92315, USA"
AIR9187251,2022-12-01T00:00:00.000Z,34.22815,-116.85676,"Siskiyou Dr, Big Bear Lake, CA 92315, USA"
AIR9232049,2022-12-01T00:00:00.000Z,34.23575,-116.89084,"Thrush Dr, Big Bear Lake, CA 92315, USA"
AIR9241882,2022-12-01T00:00:00.000Z,34.24091,-116.90637,"Main St, Big Bear Lake, CA 92315, USA"
AIR9301003,2022-12-01T00:00:00.000Z,34.23903,-116.85351,"Villa Grove Ave, Big Bear, CA 92314, USA"
AIR9329579,2022-12-01T00:00:00.000Z,34.2532,-116.90335,"Finch Dr, Big Bear Lake, CA 92315, USA"
AIR9364892,2022-12-01T00:00:00.000Z,34.23694,-116.89029,"Switzerland Dr, Big Bear Lake, CA 92315, USA"
AIR9367766,2022-12-01T00:00:00.000Z,34.23757,-116.89111,"Switzerland Dr, Big Bear Lake, CA 92315, USA"
AIR9368784,2022-12-01T00:00:00.000Z,34.23759,-116.89049,"Switzerland Dr, Big Bear Lake, CA 92315, USA"
AIR9431746,2022-12-01T00:00:00.000Z,34.2286,-116.85309,"Shasta Rd, Big Bear Lake, CA 92315, USA"
AIR9490331,2022-12-01T00:00:00.000Z,34.23725,-116.89107,"Switzerland Dr, Big Bear Lake, CA 92315, USA"
AIR9510558,2022-12-01T00:00:00.000Z,34.23611,-116.89056,"Thrush Dr, Big Bear Lake, CA 92315, USA"
AIR9730242,2022-12-01T00:00:00.000Z,34.25989,-116.8436,"E Sherwood Blvd, Big Bear, CA 92314, USA"
AIR9810523,2022-12-01T00:00:00.000Z,34.23628,-116.8926,"Thrush Dr, Big Bear Lake, CA 92315, USA"
AIR9810675,2022-12-01T00:00:00.000Z,34.23575,-116.89215,"Thrush Dr, Big Bear Lake, CA 92315, USA"
AIR9810727,2022-12-01T00:00:00.000Z,34.23756,-116.89066,"Switzerland Dr, Big Bear Lake, CA 92315, USA"
AIR9944263,2022-12-01T00:00:00.000Z,34.24145,-116.92104,"Talmadge Rd, Big Bear Lake, CA 92315, USA"
AIR9960008,2022-12-01T00:00:00.000Z,34.24622,-116.94617,"Waterview Dr, Big Bear Lake, CA 92315, USA"
AIR9976790,2022-12-01T00:00:00.000Z,34.25097,-116.88049,"Olympic Dr, Big Bear Lake, CA 92315, USA"
AIR10052559,2022-11-01T00:00:00.000Z,34.23948,-116.87991,"Heavenly Valley Rd, Big Bear Lake, CA 92315, USA"
AIR10178668,2022-11-01T00:00:00.000Z,34.25095,-116.94139,"Point Rd, Big Bear Lake, CA 92315, USA"
AIR10211700,2022-11-01T00:00:00.000Z,34.24516,-116.87618,"Avalon Rd, Big Bear Lake, CA 92315, USA"
AIR10344705,2022-11-01T00:00:00.000Z,34.2675,-116.86089,"Bear Mountain Rd, Big Bear, CA 92314, USA"
AIR10424683,2022-11-01T00:00:00.000Z,34.25341,-116.88025,"Starvation Flats Rd, Big Bear Lake, CA 92315, USA"
AIR10471190,2022-11-01T00:00:00.000Z,34.23844,-116.82383,"Spruce Ln, Sugarloaf, CA 92386, USA"
AIR10551482,2022-11-01T00:00:00.000Z,34.2355,-116.8483,"Klamath Rd, Big Bear Lake, CA 92315, USA"
AIR11209785,2022-11-01T00:00:00.000Z,34.23943,-116.85551,"Minton Ave, Big Bear, CA 92314, USA"
AIR11458668,2022-11-01T00:00:00.000Z,34.24263,-116.92486,"Wanita Ln, Big Bear Lake, CA 92315, USA"
AIR11529774,2022-11-01T00:00:00.000Z,34.08019,-116.37654,"Carmelita Way, Yucca Valley, CA 92284, USA"
AIR11623857,2022-11-01T00:00:00.000Z,34.25264,-116.8808,"Starvation Flats Rd, Big Bear Lake, CA 92315, USA"
AIR11654882,2022-11-01T00:00:00.000Z,34.2422,-116.8618,"Villa Grove Ave, Big Bear, CA 92314, USA"
AIR11692683,2022-11-01T00:00:00.000Z,34.27166,-116.85132,"Mullins Dr, Big Bear, CA 92314, USA"
AIR11735648,2022-11-01T00:00:00.000Z,34.23979,-116.88697,"Evergreen Dr, Big Bear Lake, CA 92315, USA"
AIR11785147,2022-11-01T00:00:00.000Z,34.2521,-116.87999,"Starvation Flats Rd, Big Bear Lake, CA 92315, USA"
AIR11799363,2022-11-01T00:00:00.000Z,34.23996,-116.92826,"Big Bear Blvd, Big Bear Lake, CA 92315, USA"
AIR11921717,2022-11-01T00:00:00.000Z,34.24654,-116.89829,"Park Ave, Big Bear Lake, CA 92315, USA"
AIR119838,2022-11-01T00:00:00.000Z,34.12838,-116.31354,"Mountain View Cir, Joshua Tree, CA 92252, USA"
AIR12246386,2022-11-01T00:00:00.000Z,34.237736,-116.862297,"Silver Tip Dr, Big Bear Lake, CA 92315, USA"
AIR12325663,2022-11-01T00:00:00.000Z,34.11093,-116.3238,"Sandalwood Trail, Joshua Tree, CA 92252, USA"
AIR1243216,2022-11-01T00:00:00.000Z,34.121407,-116.328949,"Alta Loma Dr, Joshua Tree, CA 92252, USA"
AIR12466059,2022-11-01T00:00:00.000Z,34.22938,-116.84423,"Yosemite Dr, Big Bear Lake, CA 92315, USA"
AIR12495850,2022-11-01T00:00:00.000Z,34.24372,-116.9171,"Simonds Dr, Big Bear Lake, CA 92315, USA"
AIR12520281,2022-11-01T00:00:00.000Z,34.23125,-116.86125,"Deer Run Ct, Big Bear Lake, CA 92315, USA"
AIR12647814,2022-11-01T00:00:00.000Z,34.15362,-116.43614,"Gold Nugget Rd, Yucca Valley, CA 92284, USA"
AIR12651776,2022-11-01T00:00:00.000Z,34.26642,-116.86604,"Division Dr, Big Bear, CA 92314, USA"
AIR12826044,2022-11-01T00:00:00.000Z,34.25887,-116.84183,"E Aeroplane Blvd, Big Bear, CA 92314, USA"
AIR12833882,2022-11-01T00:00:00.000Z,34.22742,-116.85785,"Lassen Dr, Big Bear Lake, CA 92315, USA"
AIR12904929,2022-11-01T00:00:00.000Z,34.23966,-116.9024,"Jeffries Rd, Big Bear Lake, CA 92315, USA"
AIR12942776,2022-11-01T00:00:00.000Z,34.12841,-116.31947,"Palm Vista Dr, Joshua Tree, CA 92252, USA"
AIR13060219,2022-11-01T00:00:00.000Z,34.12236023,-116.2212906,"4QCH+WF Panorama Heights, CA, USA"
AIR13126924,2022-11-01T00:00:00.000Z,34.24508,-116.93356,"Castella Ln, Big Bear Lake, CA 92315, USA"
AIR13167327,2022-11-01T00:00:00.000Z,34.23817,-116.85878,"Menlo Dr, Big Bear Lake, CA 92315, USA"
AIR13274494,2022-11-01T00:00:00.000Z,34.14173,-116.18252,"Whitmore Rd, Joshua Tree, CA 92252, USA"
AIR13634652,2022-11-01T00:00:00.000Z,34.25165,-116.87831,"Starvation Flats Rd, Big Bear Lake, CA 92315, USA"
AIR13639669,2022-11-01T00:00:00.000Z,34.22792,-116.8568,"Siskiyou Dr, Big Bear Lake, CA 92315, USA"
AIR13686367,2022-11-01T00:00:00.000Z,34.26984,-116.85901,"Cedar Mountain Rd, Big Bear, CA 92314, USA"
AIR13687864,2022-11-01T00:00:00.000Z,34.23525,-116.84814,"Klamath Ct, Big Bear, CA 92314, USA"
AIR13696080,2022-11-01T00:00:00.000Z,34.25041,-116.94128,"Lake Dr, Big Bear Lake, CA 92315, USA"
AIR13716929,2022-11-01T00:00:00.000Z,34.24416,-116.92566,"Vista Ln, Big Bear Lake, CA 92315, USA"
AIR13724939,2022-11-01T00:00:00.000Z,34.2415,-116.90719,"Marin Rd, Big Bear Lake, CA 92315, USA"
AIR13746160,2022-11-01T00:00:00.000Z,34.24947,-116.90189,"Eagle Dr, Big Bear Lake, CA 92315, USA"
AIR13801200,2022-11-01T00:00:00.000Z,34.24626,-116.8953,"Park Ave, Big Bear Lake, CA 92315, USA"
AIR13829324,2022-11-01T00:00:00.000Z,34.24456,-116.89486,"Quail Dr, Big Bear Lake, CA 92315, USA"
AIR13996202,2022-11-01T00:00:00.000Z,34.24083,-116.94922,"Catbird Ln, Big Bear Lake, CA 92315, USA"
AIR14089677,2022-11-01T00:00:00.000Z,34.23653,-116.86166,"Tehama Dr, Big Bear Lake, CA 92315, USA"
AIR14124182,2022-11-01T00:00:00.000Z,34.23737,-116.88843,"Snow Summit, Big Bear Lake, CA 92315, USA"
AIR14124206,2022-11-01T00:00:00.000Z,34.23663,-116.86494,"Club View Dr, Big Bear Lake, CA 92315, USA"
AIR14124266,2022-11-01T00:00:00.000Z,34.24365,-116.85827,"Villa Grove Ave, Big Bear, CA 92314, USA"
AIR14124584,2022-11-01T00:00:00.000Z,34.25003,-116.8681,"Juniper Dr, Big Bear Lake, CA 92315, USA"
AIR1428379,2022-11-01T00:00:00.000Z,34.24092,-116.89069,"St Moritz Dr, Big Bear Lake, CA 92315, USA"
AIR14335230,2022-11-01T00:00:00.000Z,34.23439,-116.8472,"La Crescenta Dr, Big Bear, CA 92314, USA"
AIR14342504,2022-11-01T00:00:00.000Z,34.2472,-116.83108,"Vista Ave, Sugarloaf, CA 92386, USA"
AIR14467679,2022-11-01T00:00:00.000Z,34.22893,-116.84976,"Ridgecrest Dr, Big Bear Lake, CA 92315, USA"
AIR14469396,2022-11-01T00:00:00.000Z,34.25856,-116.84709,"W Rainbow Blvd, Big Bear, CA 92314, USA"
AIR14480012,2022-11-01T00:00:00.000Z,34.24477,-116.89234,"Park Ave, Big Bear Lake, CA 92315, USA"
AIR14480136,2022-11-01T00:00:00.000Z,34.22993,-116.84758,"Sand Canyon Ct, Big Bear Lake, CA 92315, USA"
AIR14480143,2022-11-01T00:00:00.000Z,34.23057,-116.83889,"Angels Camp Rd, Big Bear, CA 92314, USA"
AIR14521351,2022-11-01T00:00:00.000Z,34.09755,-116.30666,"VÃ­a Rocosa, Joshua Tree, CA 92252, USA"
AIR14529233,2022-11-01T00:00:00.000Z,34.2428,-116.92337,"Bonita Ln, Big Bear Lake, CA 92315, USA"
AIR14759123,2022-11-01T00:00:00.000Z,34.27016,-116.85849,"Cedar Mountain Rd, Big Bear, CA 92314, USA"
AIR14771743,2022-11-01T00:00:00.000Z,34.22923,-116.85945,"Goldmine Dr, Big Bear, CA 92314, USA"
AIR14786504,2022-11-01T00:00:00.000Z,34.23772,-116.89224,"Switzerland Dr, Big Bear Lake, CA 92315, USA"
AIR1484195,2022-11-01T00:00:00.000Z,34.23704,-116.86718,"Cedar Ave, Big Bear Lake, CA 92315, USA"
AIR14948466,2022-11-01T00:00:00.000Z,34.24391,-116.88486,"Big Bear Blvd, Big Bear Lake, CA 92315, USA"
AIR14961212,2022-11-01T00:00:00.000Z,34.23797,-116.84575,"Klamath Rd, Big Bear Lake, CA 92315, USA"
AIR14983336,2022-11-01T00:00:00.000Z,34.12908,-116.31856,"Valley View Dr, Joshua Tree, CA 92252, USA"
AIR14992690,2022-11-01T00:00:00.000Z,34.24419,-116.92925,"Boyd Trail, Big Bear Lake, CA 92315, USA"
AIR14994173,2022-11-01T00:00:00.000Z,34.24442,-116.93283,"Edgemoor Rd, Big Bear Lake, CA 92315, USA"
AIR15056526,2022-11-01T00:00:00.000Z,34.23893,-116.89144,"St Moritz Dr, Big Bear Lake, CA 92315, USA"
AIR15073367,2022-11-01T00:00:00.000Z,34.12604,-116.32487,"Outpost Rd, Joshua Tree, CA 92252, USA"
AIR15085009,2022-11-01T00:00:00.000Z,34.24589,-116.94465,"Waterview Dr, Fawnskin, CA 92333, USA"
AIR15165066,2022-11-01T00:00:00.000Z,34.2368,-116.86184,"Tehama Dr, Big Bear Lake, CA 92315, USA"
AIR15225059,2022-11-01T00:00:00.000Z,34.11622,-116.35228,"Pueblo Trail, Joshua Tree, CA 92252, USA"
AIR1526344,2022-11-01T00:00:00.000Z,34.09347,-116.42317,"Sage Ct, Yucca Valley, CA 92284, USA"
AIR1534914,2022-11-01T00:00:00.000Z,34.23961,-116.90659,"Marin Rd, Big Bear Lake, CA 92315, USA"
AIR15436072,2022-11-01T00:00:00.000Z,34.23452,-116.84998,"Wolf Rd, Big Bear Lake, CA 92315, USA"
AIR15453260,2022-11-01T00:00:00.000Z,34.24114,-116.90688,"Marin Rd, Big Bear Lake, CA 92315, USA"
AIR15484066,2022-11-01T00:00:00.000Z,34.1846,-116.39616,"Balsa Ave, Yucca Valley, CA 92284, USA"
AIR15498520,2022-11-01T00:00:00.000Z,34.25341,-116.88133,"Starvation Flats Rd, Big Bear Lake, CA 92315, USA"
AIR15512762,2022-11-01T00:00:00.000Z,34.24049,-116.92624,"Guinan Ln, Big Bear Lake, CA 92315, USA"
AIR15564286,2022-11-01T00:00:00.000Z,34.23933,-116.94673,"Willow Landing Rd, Fawnskin, CA 92333, USA"
AIR15598354,2022-11-01T00:00:00.000Z,34.237957,-116.886131,"Crestwood Dr, Big Bear Lake, CA 92315, USA"
AIR15616221,2022-11-01T00:00:00.000Z,34.12539,-116.3165,"Crest Cir Dr, Joshua Tree, CA 92252, USA"
AIR15630911,2022-11-01T00:00:00.000Z,34.24001,-116.8874,"Tamarack Dr, Big Bear Lake, CA 92315, USA"
AIR15634146,2022-11-01T00:00:00.000Z,34.2377,-116.88712,"Tomahawk Dr, Big Bear Lake, CA 92315, USA"
AIR15707836,2022-11-01T00:00:00.000Z,34.23617,-116.87004,"Willow Ave, Big Bear Lake, CA 92315, USA"
AIR15735291,2022-11-01T00:00:00.000Z,34.16053,-116.30614,"Sunburst St, Joshua Tree, CA 92252, USA"
AIR15754153,2022-11-01T00:00:00.000Z,34.24028,-116.95008,"Willow Landing Rd, Big Bear Lake, CA 92315, USA"
AIR15758715,2022-11-01T00:00:00.000Z,34.23729,-116.85903,"Menlo Dr, Big Bear Lake, CA 92315, USA"
AIR15905180,2022-11-01T00:00:00.000Z,34.25371,-116.8732,"Pegasus Way, Big Bear Lake, CA 92315, USA"
AIR15938411,2022-11-01T00:00:00.000Z,34.23572,-116.8523,"Wolf Rd, Big Bear Lake, CA 92315, USA"
AIR15964091,2022-11-01T00:00:00.000Z,34.1294,-116.42907,"Sunnyslope Dr, Yucca Valley, CA 92284, USA"
AIR15970296,2022-11-01T00:00:00.000Z,34.26601,-116.83992,"E Meadow Ln, Big Bear, CA 92314, USA"
AIR16015622,2022-11-01T00:00:00.000Z,34.23774,-116.86115,"Plymouth Rd, Big Bear Lake, CA 92315, USA"
AIR16016794,2022-11-01T00:00:00.000Z,34.2271,-116.86336,"Club View Dr, Big Bear Lake, CA 92315, USA"
AIR16037507,2022-11-01T00:00:00.000Z,34.2435,-116.9442,"Cienega Rd, Fawnskin, CA 92333, USA"
AIR16039149,2022-11-01T00:00:00.000Z,34.24751,-116.89326,"Tanager Dr, Big Bear Lake, CA 92315, USA"
AIR16050122,2022-11-01T00:00:00.000Z,34.23573,-116.84557,"Alameda Rd, Big Bear, CA 92314, USA"
AIR16070480,2022-11-01T00:00:00.000Z,34.23006,-116.85779,"Siskiyou Dr, Big Bear Lake, CA 92315, USA"
AIR16083055,2022-11-01T00:00:00.000Z,34.24049,-116.86402,"Monterey St, Big Bear Lake, CA 92315, USA"
AIR16088349,2022-11-01T00:00:00.000Z,34.22833,-116.8617,"Club View Dr, Big Bear Lake, CA 92315, USA"
AIR16174471,2022-11-01T00:00:00.000Z,34.24058,-116.88416,"Winterpark Dr, Big Bear Lake, CA 92315, USA"
AIR16221165,2022-11-01T00:00:00.000Z,34.23108,-116.84627,"Canyon Crest Dr, Big Bear, CA 92314, USA"
AIR16231405,2022-11-01T00:00:00.000Z,34.25266,-116.86658,"Division Dr, Big Bear, CA 92314, USA"
AIR162404,2022-11-01T00:00:00.000Z,34.27033,-116.86165,"Crystal Mountain Rd, Big Bear, CA 92314, USA"
AIR16245792,2022-11-01T00:00:00.000Z,34.24912,-116.93689,"Elgin Rd, Big Bear Lake, CA 92315, USA"
AIR16259330,2022-11-01T00:00:00.000Z,34.24243,-116.89528,"Brownie Ln, Big Bear Lake, CA 92315, USA"
AIR16288265,2022-11-01T00:00:00.000Z,34.18483,-116.41717,"Condalia Ave, Yucca Valley, CA 92284, USA"
AIR16304086,2022-11-01T00:00:00.000Z,34.23647,-116.80754,"Wildhorse Ln, Big Bear, CA 92314, USA"
AIR16312572,2022-11-01T00:00:00.000Z,34.25739,-116.86471,"Mountain Ln, Big Bear, CA 92314, USA"
AIR16323226,2022-11-01T00:00:00.000Z,34.22866,-116.84315,"Yosemite Dr, Big Bear Lake, CA 92315, USA"
AIR16331162,2022-11-01T00:00:00.000Z,34.24157,-116.82843,"Holmes Ln, Big Bear, CA 92314, USA"
AIR16334878,2022-11-01T00:00:00.000Z,34.25006,-116.86766,"Juniper Dr, Big Bear, CA 92314, USA"
AIR16367671,2022-11-01T00:00:00.000Z,34.26311,-116.82711,"E Fairway Blvd, Big Bear, CA 92314, USA"
AIR16428200,2022-11-01T00:00:00.000Z,34.24338,-116.86064,"Villa Grove Ave, Big Bear, CA 92314, USA"
